project_county_name,project_state,kabbage_loans,total_loans,pct_kabbage,fips_code
ABBEVILLE,SC,8,324,2.4691358024691357,45001
ACADIA,LA,8,1306,0.6125574272588056,22001
ACCOMACK,VA,1,462,0.21645021645021645,51001
ADA,ID,51,11258,0.45301119204121515,16001
ADAIR,KY,2,962,0.2079002079002079,21001
ADAMS,CO,146,7481,1.9516107472263067,08001
ADAMS,IL,7,2240,0.3125,17001
ADAMS,IN,2,563,0.3552397868561279,18001
ADAMS,MS,25,1096,2.281021897810219,28001
ADAMS,OH,4,432,0.9259259259259258,39001
ADAMS,PA,5,1313,0.38080731150038083,42001
ADAMS,WA,1,313,0.3194888178913738,53001
AIKEN,SC,34,2415,1.4078674948240166,45003
ALACHUA,FL,156,5540,2.815884476534296,12001
ALBANY,NY,64,6413,0.9979728676126618,36001
ALBANY,WY,3,724,0.4143646408839779,56001
ALBEMARLE,VA,26,1803,1.4420410427066,51003
ALCONA,MI,2,134,1.4925373134328357,26001
ALCORN,MS,1,944,0.1059322033898305,28003
ALEUTIANS EAST,AK,1,72,1.3888888888888888,02013
ALEUTIANS WEST,AK,1,47,2.127659574468085,NA
ALEXANDRIA CITY,VA,155,4860,3.189300411522634,51510
ALLAMAKEE,IA,4,973,0.41109969167523125,19005
ALLEGAN,MI,9,1637,0.5497861942577886,26005
ALLEGANY,MD,11,880,1.25,24001
ALLEGANY,NY,5,393,1.2722646310432568,36003
ALLEGHENY,PA,246,24345,1.0104744300677757,42003
ALLEN,IN,66,6973,0.9465079592714757,18003
ALLEN,KS,6,421,1.4251781472684086,20001
ALLEN,KY,1,405,0.24691358024691357,21003
ALLEN,LA,4,236,1.694915254237288,22003
ALLEN,OH,5,1891,0.26441036488630354,39003
ALLENDALE,SC,1,226,0.4424778761061947,45005
ALPENA,MI,3,465,0.6451612903225806,26007
AMELIA,VA,2,230,0.8695652173913043,51007
AMHERST,VA,4,258,1.550387596899225,51009
AMITE,MS,2,360,0.5555555555555556,28005
ANCHORAGE,AK,47,6315,0.7442596991290579,NA
ANDERSON,KS,1,436,0.22935779816513763,20003
ANDERSON,KY,3,305,0.9836065573770493,21005
ANDERSON,SC,31,2921,1.0612803834303322,45007
ANDERSON,TN,14,961,1.45681581685744,47001
ANDERSON,TX,6,739,0.8119079837618403,48001
ANDREWS,TX,1,401,0.24937655860349126,48003
ANDROSCOGGIN,ME,10,1682,0.5945303210463734,23001
ANGELINA,TX,10,1527,0.6548788474132285,48005
ANNE ARUNDEL,MD,257,11750,2.1872340425531918,24003
ANOKA,MN,50,5853,0.8542627712284299,27003
ANTRIM,MI,2,357,0.5602240896358543,26009
APACHE,AZ,3,210,1.4285714285714286,04001
APPLING,GA,3,516,0.5813953488372093,13001
APPOMATTOX,VA,3,253,1.185770750988142,51011
ARANSAS,TX,4,444,0.9009009009009009,48007
ARAPAHOE,CO,269,15751,1.707828074407974,08005
ARCHER,TX,2,318,0.628930817610063,48009
ARKANSAS,AR,2,579,0.3454231433506045,05001
ARLINGTON,VA,109,4673,2.3325486839289535,51013
ARMSTRONG,PA,5,734,0.6811989100817438,42005
AROOSTOOK,ME,1,1843,0.05425935973955508,23003
ASCENSION,LA,33,3808,0.8665966386554622,22005
ASHLAND,OH,6,876,0.684931506849315,39005
ASHLAND,WI,2,384,0.5208333333333333,55003
ASHLEY,AR,4,422,0.9478672985781991,05003
ASHTABULA,OH,4,1044,0.38314176245210724,39007
ASSUMPTION,LA,4,902,0.4434589800443459,22007
ATASCOSA,TX,8,722,1.10803324099723,48013
ATLANTIC,NJ,97,4985,1.945837512537613,34001
ATTALA,MS,5,445,1.1235955056179776,28007
AUGLAIZE,OH,2,1018,0.19646365422396855,39011
AUGUSTA,VA,1,936,0.10683760683760685,51015
AUSTIN,TX,6,842,0.7125890736342043,48015
AUTAUGA,AL,5,909,0.5500550055005501,01001
AVOYELLES,LA,5,967,0.5170630816959669,22009
BACON,GA,1,383,0.26109660574412535,13005
BAILEY,TX,1,192,0.5208333333333333,48017
BAKER,FL,10,240,4.166666666666666,12003
BAKER,GA,3,109,2.7522935779816518,13007
BALDWIN,AL,63,5563,1.1324824734855294,01003
BALDWIN,GA,43,1214,3.5420098846787478,13009
BALLARD,KY,1,183,0.546448087431694,21007
BALTIMORE,MD,476,19410,2.452344152498712,24005
BALTIMORE CITY,MD,397,13546,2.9307544662631035,24510
BAMBERG,SC,7,246,2.8455284552845526,45009
BANDERA,TX,3,338,0.8875739644970414,48019
BANKS,GA,3,273,1.098901098901099,13011
BANNOCK,ID,2,1298,0.15408320493066258,16005
BARBOUR,AL,19,735,2.585034013605442,01005
BARBOUR,WV,1,160,0.625,54001
BARNSTABLE,MA,27,6743,0.40041524543971524,25001
BARNWELL,SC,4,351,1.1396011396011396,45011
BARREN,KY,1,1368,0.07309941520467836,21009
BARRON,WI,4,1630,0.245398773006135,55005
BARROW,GA,45,1523,2.954694681549573,13013
BARRY,MI,3,810,0.3703703703703704,26015
BARTHOLOMEW,IN,1,1176,0.08503401360544217,18005
BARTOW,GA,35,2472,1.4158576051779936,13015
BASTROP,TX,13,1156,1.124567474048443,48021
BATH,KY,1,299,0.33444816053511706,21011
BATH,VA,2,63,3.1746031746031744,51017
BAXTER,AR,1,779,0.12836970474967907,05005
BAY,FL,85,4101,2.0726652036088757,12005
BAY,MI,8,1484,0.5390835579514826,26017
BEAUFORT,SC,68,4362,1.5589179275561669,45013
BEAUREGARD,LA,2,458,0.43668122270742354,22011
BEAVER,PA,8,2050,0.3902439024390244,42007
BEAVER,UT,1,181,0.5524861878453038,49001
BECKER,MN,2,1214,0.16474464579901155,27005
BEDFORD,PA,4,784,0.5102040816326531,42009
BEDFORD,TN,3,773,0.38809831824062097,47003
BEDFORD,VA,13,1067,1.218369259606373,51019
BEE,TX,9,365,2.4657534246575343,48025
BELKNAP,NH,13,1323,0.9826152683295541,33001
BELL,KY,1,265,0.37735849056603776,21013
BELL,TX,78,5537,1.4087050749503343,48027
BELMONT,OH,5,786,0.6361323155216284,39013
BEN HILL,GA,10,535,1.8691588785046727,13017
BENTON,AR,22,4665,0.4715969989281886,05007
BENTON,IA,4,1038,0.3853564547206166,19011
BENTON,IN,1,241,0.4149377593360996,18007
BENTON,MN,4,1052,0.38022813688212925,27009
BENTON,MO,2,618,0.3236245954692557,29015
BENTON,MS,1,285,0.3508771929824561,28009
BENTON,OR,5,1312,0.38109756097560976,41003
BENTON,TN,1,292,0.3424657534246575,47005
BENTON,WA,30,2746,1.0924981791697013,53005
BENZIE,MI,3,299,1.0033444816053512,26019
BERGEN,NJ,910,30722,2.9620467417485843,34003
BERKELEY,SC,138,3955,3.4892541087231352,45015
BERKELEY,WV,15,1207,1.2427506213753108,54003
BERKS,PA,81,6295,1.2867355043685464,42011
BERKSHIRE,MA,31,2885,1.074523396880416,25003
BERNALILLO,NM,124,10020,1.2375249500998005,35001
BERRIEN,GA,5,423,1.1820330969267139,13019
BERRIEN,MI,31,3190,0.9717868338557993,26021
BEXAR,TX,482,32968,1.4620237806357679,48029
BIBB,AL,6,294,2.0408163265306123,01007
BIBB,GA,147,7116,2.0657672849915683,13021
BIENVILLE,LA,2,299,0.6688963210702341,22013
BINGHAM,ID,2,883,0.22650056625141565,16011
BLACK HAWK,IA,25,3065,0.8156606851549755,19013
BLACKFORD,IN,1,120,0.8333333333333334,18009
BLAINE,ID,3,1287,0.2331002331002331,16013
BLAIR,PA,3,1903,0.1576458223857068,42013
BLANCO,TX,2,297,0.6734006734006733,48031
BLECKLEY,GA,5,300,1.6666666666666667,13023
BLEDSOE,TN,1,291,0.3436426116838488,47007
BLOUNT,AL,3,691,0.43415340086830684,01009
BLOUNT,TN,25,1832,1.3646288209606987,47009
BLUE EARTH,MN,5,2076,0.24084778420038533,27013
BOLIVAR,MS,7,1387,0.5046863734679163,28011
BONNER,ID,7,946,0.7399577167019027,16017
BONNEVILLE,ID,4,2475,0.1616161616161616,16019
BOONE,AR,2,1082,0.18484288354898337,05009
BOONE,IA,2,746,0.2680965147453083,19015
BOONE,IL,23,835,2.754491017964072,17007
BOONE,IN,11,1402,0.7845934379457917,18011
BOONE,KY,29,2001,1.4492753623188406,21015
BOONE,MO,24,3531,0.6796941376380629,29019
BOONE,WV,3,98,3.061224489795918,54005
BOSQUE,TX,2,380,0.5263157894736842,48035
BOSSIER,LA,56,3080,1.8181818181818181,22015
BOTETOURT,VA,9,490,1.8367346938775513,51023
BOULDER,CO,360,10200,3.5294117647058822,08013
BOUNDARY,ID,4,161,2.484472049689441,16021
BOURBON,KY,2,537,0.37243947858473,21017
BOWIE,TX,11,1960,0.5612244897959183,48037
BOX BUTTE,NE,1,388,0.25773195876288657,31013
BOX ELDER,UT,3,1005,0.2985074626865672,49003
BOYD,KY,2,723,0.2766251728907331,21019
BOYLE,KY,5,644,0.7763975155279503,21021
BRADFORD,FL,5,273,1.8315018315018317,12007
BRADFORD,PA,9,922,0.9761388286334056,42015
BRADLEY,AR,5,294,1.7006802721088436,05011
BRADLEY,TN,16,1556,1.0282776349614395,47011
BRANCH,MI,3,688,0.436046511627907,26023
BRANTLEY,GA,3,211,1.4218009478672986,13025
BRAZORIA,TX,135,7171,1.882582624459629,48039
BRAZOS,TX,28,3625,0.7724137931034483,48041
BRECKINRIDGE,KY,1,542,0.18450184501845018,21027
BREMER,IA,2,1089,0.18365472910927455,19017
BREVARD,FL,314,10857,2.8921433176752323,12009
BRISTOL,MA,81,9824,0.8245114006514658,25005
BRISTOL,VA,2,303,0.6600660066006601,NA
BRONX,NY,1126,33794,3.331952417588921,36005
BROOKS,GA,5,397,1.2594458438287155,13027
BROOME,NY,23,3052,0.7536041939711665,36007
BROOMFIELD,CO,20,1374,1.455604075691412,08014
BROWARD,FL,3766,93700,4.019210245464247,12011
BROWN,IN,4,249,1.6064257028112447,18013
BROWN,OH,6,644,0.9316770186335404,39015
BROWN,TX,3,932,0.3218884120171674,48049
BROWN,WI,109,5201,2.095750817150548,55009
BRUNSWICK,VA,8,226,3.5398230088495577,51025
BRYAN,GA,19,691,2.7496382054992763,13029
BUCHANAN,IA,2,960,0.20833333333333334,19019
BUCHANAN,MO,8,1457,0.5490734385724091,29021
BUCKS,PA,194,14911,1.3010529139561398,42017
BUENA VISTA,IA,6,1148,0.5226480836236934,19021
BUFFALO,NE,6,2297,0.26121027427078797,31019
BUFFALO,WI,1,629,0.1589825119236884,55011
BULLITT,KY,11,830,1.3253012048192772,21029
BULLOCH,GA,38,1849,2.055164954029205,13031
BULLOCK,AL,5,216,2.314814814814815,01011
BURKE,GA,25,627,3.9872408293460926,13033
BURLINGTON,NJ,118,8310,1.4199759326113117,34005
BURNET,TX,3,1046,0.28680688336520077,48053
BURT,NE,1,528,0.1893939393939394,31021
BUTLER,AL,10,448,2.232142857142857,01013
BUTLER,KS,20,1326,1.5082956259426847,20015
BUTLER,MO,2,1299,0.15396458814472672,29023
BUTLER,OH,66,5866,1.1251278554381179,39017
BUTLER,PA,13,3165,0.41074249605055296,42019
BUTTE,ID,1,64,1.5625,16023
BUTTS,GA,12,901,1.3318534961154271,13035
CABELL,WV,14,1350,1.037037037037037,54011
CACHE,UT,16,2186,0.7319304666056725,49005
CADDO,LA,121,9664,1.252069536423841,22017
CALCASIEU,LA,36,4354,0.8268259072117593,22019
CALDWELL,KY,1,277,0.36101083032490977,21033
CALDWELL,LA,2,304,0.6578947368421052,22021
CALDWELL,TX,9,487,1.8480492813141685,48055
CALHOUN,AL,46,1837,2.5040827436037016,01015
CALHOUN,AR,1,78,1.282051282051282,05013
CALHOUN,FL,2,176,1.1363636363636365,12013
CALHOUN,IA,1,791,0.12642225031605564,19025
CALHOUN,MI,21,1859,1.1296395911780528,26025
CALHOUN,SC,2,225,0.8888888888888888,45017
CALHOUN,TX,2,312,0.641025641025641,48057
CALLAHAN,TX,1,299,0.33444816053511706,48059
CALLOWAY,KY,4,1146,0.34904013961605584,21035
CALUMET,WI,17,762,2.2309711286089238,55015
CALVERT,MD,20,1233,1.6220600162206,24009
CAMBRIA,PA,15,1961,0.7649158592554819,42021
CAMDEN,GA,22,623,3.5313001605136436,13039
CAMDEN,NJ,158,9978,1.5834836640609342,34007
CAMERON,TX,130,6232,2.086007702182285,48061
CAMP,TX,2,229,0.8733624454148471,48063
CAMPBELL,KY,12,1255,0.9561752988047808,21037
CAMPBELL,TN,5,687,0.727802037845706,47013
CAMPBELL,VA,9,607,1.4827018121911038,51031
CAMPBELL,WY,4,1260,0.31746031746031744,56005
CANADIAN,OK,21,2802,0.7494646680942184,40017
CANDLER,GA,1,334,0.29940119760479045,13043
CANNON,TN,1,169,0.591715976331361,47015
CANOVANAS,PR,1,428,0.23364485981308408,NA
CANYON,ID,11,3166,0.3474415666456096,16027
CAPE GIRARDEAU,MO,5,2450,0.20408163265306123,29031
CAPE MAY,NJ,51,2800,1.8214285714285714,34009
CARBON,PA,8,706,1.13314447592068,42025
CARBON,UT,3,331,0.906344410876133,49007
CARLTON,MN,1,503,0.19880715705765406,27017
CAROLINE,MD,3,555,0.5405405405405406,24011
CAROLINE,VA,5,319,1.5673981191222568,51033
CARROLL,AR,3,982,0.30549898167006106,05015
CARROLL,GA,69,2624,2.629573170731707,13045
CARROLL,IA,1,1856,0.05387931034482758,19027
CARROLL,IL,1,650,0.15384615384615385,17015
CARROLL,IN,2,437,0.4576659038901602,18015
CARROLL,KY,1,168,0.5952380952380952,21041
CARROLL,MD,56,2786,2.0100502512562812,24013
CARROLL,MS,1,252,0.3968253968253968,28015
CARROLL,NH,8,1266,0.631911532385466,33003
CARROLL,TN,2,484,0.4132231404958678,47017
CARROLL,VA,5,348,1.4367816091954022,51035
CARSON,TX,1,150,0.6666666666666667,48065
CARTER,KY,1,407,0.2457002457002457,21043
CARTER,OK,3,1546,0.19404915912031048,40019
CARTER,TN,5,459,1.0893246187363834,47019
CARVER,MN,16,2436,0.6568144499178982,27019
CASCADE,MT,3,1621,0.1850709438618137,30013
CASEY,KY,3,523,0.5736137667304015,21045
CASS,IN,6,603,0.9950248756218906,18017
CASS,MI,1,558,0.17921146953405018,26027
CASS,MN,1,723,0.13831258644536654,27021
CASS,MO,21,1881,1.1164274322169059,29037
CASS,NE,2,725,0.27586206896551724,31025
CASS,TX,2,481,0.4158004158004158,48067
CASTRO,TX,1,375,0.26666666666666666,48069
CATAHOULA,LA,3,325,0.9230769230769231,22025
CATOOSA,GA,18,762,2.3622047244094486,13047
CATTARAUGUS,NY,11,940,1.1702127659574468,36009
CAYUGA,NY,3,1205,0.24896265560165973,36011
CECIL,MD,19,1129,1.6829052258635961,24015
CEDAR,IA,1,845,0.1183431952662722,19031
CEDAR,NE,8,1096,0.7299270072992701,31027
CENTRE,PA,11,2156,0.5102040816326531,42027
CHAFFEE,CO,3,582,0.5154639175257731,08015
CHAMBERS,AL,16,1018,1.5717092337917484,01017
CHAMBERS,TX,5,618,0.8090614886731391,48071
CHAMPAIGN,IL,43,5035,0.8540218470705064,17019
CHAMPAIGN,OH,2,587,0.34071550255536626,39021
CHARITON,MO,1,561,0.17825311942959002,29041
CHARLES,MD,55,2937,1.8726591760299627,24017
CHARLES CITY,VA,1,85,1.1764705882352942,51036
CHARLESTON,SC,319,13096,2.435858277336591,45019
CHARLEVOIX,MI,2,545,0.3669724770642202,26029
CHARLOTTE,FL,108,3222,3.35195530726257,12015
CHARLOTTE,VA,8,169,4.733727810650888,51037
CHARLOTTESVILLE CITY,VA,27,1647,1.639344262295082,51540
CHATHAM,GA,235,8884,2.645204862674471,13051
CHATTOOGA,GA,1,333,0.3003003003003003,13055
CHAUTAUQUA,NY,20,1689,1.1841326228537596,36013
CHAVES,NM,7,836,0.8373205741626795,35005
CHEATHAM,TN,14,589,2.3769100169779285,47021
CHEBOYGAN,MI,2,444,0.45045045045045046,26031
CHELAN,WA,16,1983,0.8068582955118508,53007
CHEMUNG,NY,6,1160,0.5172413793103449,36015
CHENANGO,NY,10,582,1.718213058419244,36017
CHEROKEE,AL,2,315,0.6349206349206349,01019
CHEROKEE,GA,159,5425,2.930875576036866,13057
CHEROKEE,KS,1,426,0.2347417840375587,20021
CHEROKEE,OK,1,1217,0.08216926869350863,40021
CHEROKEE,SC,18,654,2.7522935779816518,45021
CHEROKEE,TX,8,828,0.966183574879227,48073
CHESAPEAKE CITY,VA,68,3861,1.761201761201761,51550
CHESHIRE,NH,5,1309,0.38197097020626436,33005
CHESTER,PA,229,10923,2.096493637279136,42029
CHESTER,SC,13,556,2.338129496402878,45023
CHESTERFIELD,SC,16,584,2.73972602739726,45025
CHESTERFIELD,VA,93,5889,1.5792154865002548,51041
CHICKASAW,MS,4,692,0.5780346820809248,28017
CHICOT,AR,3,418,0.7177033492822966,05017
CHILTON,AL,11,676,1.6272189349112427,01021
CHIPPEWA,MI,1,529,0.1890359168241966,26033
CHIPPEWA,WI,2,1576,0.12690355329949238,55017
CHISAGO,MN,5,997,0.5015045135406219,27025
CHOCTAW,AL,3,297,1.0101010101010102,01023
CHOCTAW,OK,1,622,0.1607717041800643,40023
CHRISTIAN,IL,2,974,0.20533880903490762,17021
CHRISTIAN,KY,20,1309,1.5278838808250574,21047
CHRISTIAN,MO,11,2407,0.4570004154549232,29043
CITRUS,FL,48,1991,2.410848819688599,12017
CLACKAMAS,OR,129,8525,1.5131964809384164,41005
CLAIBORNE,LA,4,286,1.3986013986013985,22027
CLAIBORNE,MS,4,389,1.0282776349614395,28021
CLAIBORNE,TN,1,504,0.1984126984126984,47025
CLALLAM,WA,3,1304,0.23006134969325154,53009
CLARE,MI,1,327,0.3058103975535168,26035
CLARENDON,SC,7,697,1.0043041606886656,45027
CLARION,PA,24,485,4.948453608247423,42031
CLARK,AR,1,425,0.2352941176470588,05019
CLARK,IN,14,1644,0.851581508515815,18019
CLARK,KY,2,646,0.30959752321981426,21049
CLARK,MO,1,312,0.3205128205128205,29045
CLARK,NV,2,68730,0.0029099374363451185,32003
CLARK,OH,12,1972,0.6085192697768762,39023
CLARK,WA,175,8311,2.105643123571171,53011
CLARKE,AL,8,535,1.4953271028037385,01025
CLARKE,GA,45,3333,1.3501350135013501,13059
CLARKE,MS,6,325,1.8461538461538463,28023
CLARKE,VA,3,298,1.006711409395973,51043
CLATSOP,OR,11,1017,1.0816125860373649,41007
CLAY,AR,3,418,0.7177033492822966,05021
CLAY,FL,83,3245,2.5577812018489987,12019
CLAY,IA,1,928,0.10775862068965517,19041
CLAY,IN,2,508,0.39370078740157477,18021
CLAY,MN,3,1627,0.18438844499078058,27027
CLAY,MO,33,4292,0.7688723205964585,29047
CLAY,MS,10,1135,0.881057268722467,28025
CLAY,NE,1,489,0.2044989775051125,31035
CLAY,TX,1,333,0.3003003003003003,48077
CLAYTON,GA,611,19765,3.091323045788009,13063
CLAYTON,IA,1,1161,0.08613264427217916,19043
CLEAR CREEK,CO,3,240,1.25,08019
CLEARFIELD,PA,8,983,0.8138351983723295,42033
CLEBURNE,AL,5,204,2.450980392156863,01029
CLERMONT,OH,41,2869,1.4290693621470896,39025
CLEVELAND,OK,36,5468,0.6583760058522311,40027
CLINCH,GA,2,196,1.0204081632653061,13065
CLINTON,IA,5,1603,0.3119151590767312,19045
CLINTON,IL,2,1259,0.15885623510722796,17027
CLINTON,IN,1,489,0.2044989775051125,18023
CLINTON,MI,8,1136,0.7042253521126761,26037
CLINTON,MO,1,388,0.25773195876288657,29049
CLINTON,NY,6,1063,0.5644402634054563,36019
CLINTON,OH,3,624,0.4807692307692308,39027
COAHOMA,MS,5,1171,0.4269854824935952,28027
COAL,OK,1,281,0.3558718861209964,40029
COBB,GA,1029,30041,3.4253187310675415,13067
COCHISE,AZ,9,1220,0.7377049180327869,04003
COCONINO,AZ,27,2226,1.2129380053908356,04005
COFFEE,AL,15,1021,1.4691478942213516,01031
COFFEE,GA,8,1695,0.471976401179941,13069
COFFEE,TN,10,1089,0.9182736455463728,47031
COLBERT,AL,4,1037,0.3857280617164899,01033
COLE,MO,4,2375,0.16842105263157894,29051
COLES,IL,1,1239,0.08071025020177562,17029
COLFAX,NM,2,183,1.092896174863388,35007
COLLETON,SC,12,859,1.3969732246798603,45029
COLLIER,FL,327,11734,2.786773478779615,12021
COLLIN,TX,604,26656,2.265906362545018,48085
COLONIAL HEIGHTS CITY,VA,1,345,0.2898550724637681,51570
COLORADO,TX,2,610,0.32786885245901637,48089
COLQUITT,GA,11,1109,0.9918845807033363,13071
COLUMBIA,AR,5,571,0.8756567425569177,05027
COLUMBIA,FL,19,1066,1.7823639774859286,12023
COLUMBIA,GA,59,2719,2.1699154100772344,13073
COLUMBIA,NY,15,1366,1.0980966325036603,36021
COLUMBIA,OR,4,549,0.7285974499089253,41009
COLUMBIA,PA,4,922,0.43383947939262474,42037
COLUMBIA,WI,7,1488,0.47043010752688175,55021
COLUMBIANA,OH,19,1304,1.4570552147239262,39029
COMAL,TX,45,3395,1.3254786450662739,48091
COMANCHE,OK,10,1934,0.5170630816959669,40031
COMANCHE,TX,1,376,0.26595744680851063,48093
CONCORDIA,LA,3,579,0.5181347150259068,22029
CONECUH,AL,8,313,2.5559105431309903,01035
CONWAY,AR,2,441,0.45351473922902497,05029
COOK,GA,6,420,1.4285714285714286,13075
COOK,IL,4729,233199,2.0278817662168365,17031
COOKE,TX,1,969,0.10319917440660474,48097
COOS,NH,1,468,0.2136752136752137,33007
COOS,OR,7,840,0.8333333333333334,41011
COOSA,AL,2,91,2.197802197802198,01037
COPIAH,MS,10,658,1.5197568389057752,28029
CORTLAND,NY,3,792,0.3787878787878788,36023
CORYELL,TX,9,804,1.1194029850746268,48099
COSHOCTON,OH,6,415,1.4457831325301205,39031
COVINGTON,AL,20,940,2.127659574468085,01039
COVINGTON,MS,4,679,0.5891016200294551,28031
COWETA,GA,66,3486,1.8932874354561102,13077
COWLEY,KS,2,770,0.2597402597402597,20035
COWLITZ,WA,16,1216,1.3157894736842104,53015
CRAIG,OK,1,507,0.19723865877712032,40035
CRAIGHEAD,AR,15,2929,0.5121201775349948,05031
CRAWFORD,AR,2,835,0.23952095808383234,05033
CRAWFORD,GA,3,138,2.1739130434782608,13079
CRAWFORD,IL,9,481,1.8711018711018712,17033
CRAWFORD,IN,1,73,1.36986301369863,18025
CRAWFORD,KS,1,1111,0.09000900090009001,20037
CRAWFORD,OH,4,812,0.49261083743842365,39033
CRAWFORD,PA,10,1290,0.7751937984496124,42039
CRAWFORD,WI,1,644,0.15527950310559005,55023
CREEK,OK,3,1254,0.23923444976076555,40037
CRENSHAW,AL,1,385,0.2597402597402597,01041
CRISP,GA,28,1010,2.7722772277227725,13081
CRITTENDEN,AR,17,1422,1.1954992967651195,05035
CRITTENDEN,KY,1,248,0.4032258064516129,21055
CROOK,OR,7,323,2.1671826625387,41013
CROSS,AR,1,532,0.18796992481203006,05037
CROWLEY,CO,2,94,2.127659574468085,08025
CULEBRA,PR,1,44,2.272727272727273,NA
CULLMAN,AL,8,1876,0.42643923240938164,01043
CULPEPER,VA,16,826,1.937046004842615,51047
CUMBERLAND,ME,41,8866,0.4624407850214302,23005
CUMBERLAND,NJ,36,2005,1.7955112219451372,34011
CUMBERLAND,PA,21,4349,0.4828696252011957,42041
CUMBERLAND,TN,2,1109,0.18034265103697023,47035
CUMBERLAND,VA,2,143,1.3986013986013985,51049
CURRY,NM,2,727,0.2751031636863824,35009
CURRY,OR,1,373,0.2680965147453083,41015
CUSTER,CO,2,104,1.9230769230769231,08027
CUSTER,OK,2,1322,0.15128593040847202,40039
CUYAHOGA,OH,575,44955,1.2790568346123903,39035
DADE,GA,9,151,5.960264900662252,13083
DADE,MO,1,382,0.2617801047120419,29057
DAKOTA,MN,66,8525,0.7741935483870968,27037
DAKOTA,NE,3,595,0.5042016806722689,31043
DALE,AL,6,969,0.6191950464396285,01045
DALLAS,AL,22,1440,1.5277777777777777,01047
DALLAS,AR,1,134,0.7462686567164178,05039
DALLAS,IA,9,1965,0.45801526717557256,19049
DALLAS,MO,1,616,0.16233766233766234,29059
DALLAS,TX,1767,77592,2.2772966285184038,48113
DANE,WI,86,12945,0.6643491695635381,55025
DANVILLE CITY,VA,19,798,2.380952380952381,51590
DARKE,OH,2,1351,0.1480384900074019,39037
DARLINGTON,SC,17,1145,1.48471615720524,45031
DAUPHIN,PA,43,4924,0.8732737611697806,42043
DAVIDSON,TN,560,24072,2.326354270521768,47037
DAVIESS,IN,1,584,0.17123287671232876,18027
DAVIESS,KY,3,1763,0.17016449234259784,21059
DAVIESS,MO,1,417,0.2398081534772182,29061
DAVIS,UT,54,5082,1.062573789846517,49011
DAWSON,GA,13,568,2.2887323943661975,13085
DAWSON,NE,1,1167,0.08568980291345331,31047
DE KALB,AL,4,1933,0.20693222969477496,NA
DE KALB,IN,8,740,1.0810810810810811,NA
DE SOTO,FL,22,473,4.651162790697675,NA
DE SOTO,LA,4,725,0.5517241379310345,22031
DEARBORN,IN,2,608,0.3289473684210526,18029
DECATUR,GA,28,915,3.060109289617486,13087
DECATUR,IN,1,567,0.1763668430335097,18031
DECATUR,TN,1,302,0.33112582781456956,47039
DEFIANCE,OH,7,704,0.9943181818181818,39039
DEKALB,GA,1428,41956,3.403565640194489,13089
DEKALB,IL,25,2564,0.9750390015600624,17037
DEKALB,TN,3,448,0.6696428571428571,47041
DELAWARE,IN,13,1485,0.8754208754208754,18035
DELAWARE,NY,9,668,1.347305389221557,36025
DELAWARE,OH,50,4137,1.208605269518975,39041
DELAWARE,OK,1,919,0.1088139281828074,40041
DELAWARE,PA,208,14065,1.4788482047635976,42045
DELTA,CO,3,472,0.6355932203389831,08029
DELTA,TX,1,102,0.9803921568627451,48119
DENT,MO,1,460,0.21739130434782608,29065
DENTON,TX,320,18382,1.740833424001741,48121
DENVER,CO,344,21235,1.6199670355545088,08031
DES MOINES,IA,2,1110,0.18018018018018017,19057
DESCHUTES,OR,54,5117,1.0553058432675395,41017
DESHA,AR,2,629,0.3179650238473768,05041
DESOTO,MS,117,5749,2.0351365454861714,28033
DEWITT,IL,1,348,0.28735632183908044,NA
DICKENSON,VA,1,118,0.847457627118644,51051
DICKINSON,KS,4,770,0.5194805194805194,20041
DICKSON,TN,5,915,0.546448087431694,47043
DILLON,SC,11,463,2.375809935205184,45033
DISTRICT OF COLUMBIA,DC,498,20791,2.3952671829156844,11001
DIXIE,FL,2,148,1.3513513513513513,12029
DIXON,NE,4,436,0.9174311926605505,31051
DODGE,GA,7,580,1.206896551724138,13091
DODGE,MN,1,708,0.14124293785310735,27039
DODGE,NE,5,1294,0.38639876352395675,31053
DODGE,WI,12,1694,0.70838252656434475,55027
DONA ANA,NM,56,2851,1.9642230796211857,35013
DOOLY,GA,17,467,3.640256959314775,13093
DOOR,WI,5,1195,0.41841004184100417,55029
DORADO,PR,1,742,0.13477088948787064,NA
DORCHESTER,MD,3,732,0.4098360655737705,24019
DORCHESTER,SC,70,2953,2.3704707077548255,45035
DOUGHERTY,GA,160,4746,3.37126000842815,13095
DOUGLAS,CO,103,7120,1.446629213483146,08035
DOUGLAS,GA,208,6685,3.111443530291698,13097
DOUGLAS,KS,15,2518,0.5957108816521048,20045
DOUGLAS,MO,1,594,0.16835016835016833,29067
DOUGLAS,NE,78,13131,0.5940141649531643,31055
DOUGLAS,OR,7,1343,0.5212211466865228,41019
DOUGLAS,WA,5,532,0.9398496240601504,53017
DREW,AR,1,555,0.18018018018018017,05043
DUBOIS,IN,3,1078,0.27829313543599254,18037
DUBUQUE,IA,9,3434,0.262085032032615,19061
DUKES,MA,1,999,0.10010010010010009,25007
DUNN,WI,2,1091,0.18331805682859761,55033
DUPAGE,IL,528,29419,1.7947584894116049,17043
DUTCHESS,NY,96,5835,1.6452442159383032,36027
DUVAL,FL,662,24563,2.6951105321011277,12031
DUVAL,TX,1,160,0.625,48131
DYER,TN,3,835,0.3592814371257485,47045
EAGLE,CO,14,2518,0.5559968228752978,08037
EARLY,GA,7,480,1.4583333333333333,13099
EAST BATON ROUGE,LA,228,17639,1.2925902828958558,22033
EAST CARROLL,LA,3,366,0.819672131147541,22035
EAST FELICIANA,LA,6,485,1.2371134020618557,22037
EASTLAND,TX,3,418,0.7177033492822966,48133
EATON,MI,10,1818,0.5500550055005501,26045
EAU CLAIRE,WI,5,2093,0.23889154323936934,55035
ECTOR,TX,89,4129,2.1554855897311698,48135
EDDY,NM,2,1061,0.1885014137606032,35015
EDGAR,IL,2,541,0.36968576709796674,17045
EDGEFIELD,SC,4,349,1.146131805157593,45037
EFFINGHAM,GA,19,842,2.2565320665083135,13103
EFFINGHAM,IL,3,1726,0.17381228273464658,17049
EL PASO,CO,195,11552,1.6880193905817173,08041
EL PASO,TX,209,10715,1.950536630891274,48141
ELBERT,CO,10,441,2.2675736961451247,08039
ELBERT,GA,3,491,0.6109979633401221,13105
ELK,PA,3,527,0.5692599620493358,42047
ELKHART,IN,83,3059,2.713305001634521,18039
ELLIS,KS,5,1314,0.380517503805175,20051
ELLIS,TX,91,3809,2.3890784982935154,48139
ELMORE,AL,8,1311,0.6102212051868803,01051
ELMORE,ID,1,249,0.4016064257028112,16039
EMANUEL,GA,13,735,1.7687074829931975,13107
EMMET,MI,6,978,0.6134969325153374,26047
EMPORIA,VA,3,156,1.9230769230769231,NA
ERATH,TX,18,920,1.956521739130435,48143
ERIE,NY,158,17749,0.890190996675869,36029
ERIE,OH,12,1637,0.7330482590103848,39043
ERIE,PA,38,3951,0.961781827385472,42049
ESCAMBIA,AL,9,859,1.0477299185098952,01053
ESCAMBIA,FL,143,6428,2.224642190416926,12033
ESSEX,MA,266,18862,1.4102428162443008,25009
ESSEX,NJ,653,21723,3.0060304746121624,34013
ESSEX,NY,2,664,0.30120481927710846,36031
ESSEX,VA,1,189,0.5291005291005291,51057
ETOWAH,AL,45,1799,2.501389660922735,01055
EVANGELINE,LA,4,574,0.6968641114982579,22039
EVANS,GA,3,238,1.2605042016806722,13109
FAIRBANKS NORTH STAR,AK,1,1794,0.055741360089186176,02090
FAIRFAX,VA,628,25801,2.434014185496686,51059
FAIRFAX CITY,VA,8,1169,0.6843455945252352,51600
FAIRFIELD,CT,537,26773,2.0057520636462107,09001
FAIRFIELD,OH,28,2566,1.0911925175370227,39045
FAIRFIELD,SC,6,415,1.4457831325301205,45039
FALLS CHURCH CITY,VA,15,692,2.167630057803468,51610
FANNIN,GA,9,456,1.9736842105263157,13111
FANNIN,TX,6,534,1.1235955056179776,48147
FAULKNER,AR,11,2337,0.47068891741548996,05045
FAUQUIER,VA,22,1395,1.5770609318996418,51061
FAYETTE,AL,14,253,5.533596837944664,01057
FAYETTE,GA,155,4155,3.730445246690734,13113
FAYETTE,IA,1,1072,0.09328358208955223,19065
FAYETTE,IL,1,794,0.12594458438287154,17051
FAYETTE,IN,2,257,0.7782101167315175,18041
FAYETTE,KY,62,7025,0.8825622775800712,21067
FAYETTE,OH,3,445,0.6741573033707865,39047
FAYETTE,PA,7,1658,0.4221954161640531,42051
FAYETTE,TN,16,1122,1.4260249554367201,47047
FAYETTE,WV,7,432,1.6203703703703702,54019
FINNEY,KS,8,1355,0.5904059040590406,20055
FLAGLER,FL,55,1936,2.840909090909091,12035
FLATHEAD,MT,6,2494,0.24057738572574178,30029
FLEMING,KY,2,665,0.30075187969924816,21069
FLORENCE,SC,134,3654,3.6672140120415984,45041
FLOYD,GA,30,2346,1.278772378516624,13115
FLOYD,IA,4,908,0.4405286343612335,19067
FLOYD,IN,7,1162,0.6024096385542169,18043
FLOYD,KY,1,485,0.2061855670103093,21071
FLOYD,VA,4,252,1.5873015873015872,51063
FLUVANNA,VA,1,275,0.36363636363636365,51065
FOND DU LAC,WI,22,1886,1.166489925768823,55039
FORD,IL,1,537,0.186219739292365,17053
FORD,KS,6,1059,0.56657223796034,20057
FOREST,WI,3,235,1.276595744680851,55041
FORREST,MS,13,2249,0.5780346820809248,28035
FORSYTH,GA,114,5185,2.198649951783992,13117
FORT BEND,TX,607,23360,2.598458904109589,48157
FRANKLIN,AL,4,546,0.7326007326007326,01059
FRANKLIN,GA,4,482,0.8298755186721992,13119
FRANKLIN,ID,4,276,1.4492753623188406,16041
FRANKLIN,IL,3,660,0.45454545454545453,17055
FRANKLIN,IN,6,584,1.0273972602739725,18047
FRANKLIN,KS,3,678,0.4424778761061947,20059
FRANKLIN,KY,8,832,0.9615384615384616,21073
FRANKLIN,LA,12,800,1.5,22041
FRANKLIN,MA,28,1132,2.4734982332155475,25011
FRANKLIN,ME,5,574,0.8710801393728222,23007
FRANKLIN,MO,4,2333,0.17145306472353192,29071
FRANKLIN,NY,2,586,0.3412969283276451,36033
FRANKLIN,OH,646,33000,1.9575757575757575,39049
FRANKLIN,PA,12,2147,0.5589194224499302,42055
FRANKLIN,TN,3,769,0.3901170351105332,47051
FRANKLIN,VA,15,613,2.4469820554649266,51067
FRANKLIN,WA,12,1203,0.997506234413965,53021
FRANKLIN CITY,VA,1,154,0.6493506493506493,51620
FREDERICK,MD,81,4542,1.7833553500660502,24021
FREDERICK,VA,13,1032,1.2596899224806202,51069
FREDERICKSBURG CITY,VA,15,877,1.7103762827822122,51630
FREEBORN,MN,2,1032,0.1937984496124031,27047
FREESTONE,TX,4,492,0.8130081300813009,48161
FREMONT,CO,7,573,1.2216404886561953,08043
FREMONT,IA,1,312,0.3205128205128205,19071
FREMONT,WY,2,1214,0.16474464579901155,56013
FRIO,TX,1,175,0.5714285714285714,48163
FULTON,GA,2128,67821,3.137671222777606,13121
FULTON,IL,1,941,0.10626992561105207,17057
FULTON,IN,6,437,1.3729977116704806,18049
FULTON,NY,10,591,1.6920473773265652,36035
FULTON,OH,3,906,0.33112582781456956,39051
FULTON,PA,2,190,1.0526315789473684,42057
GADSDEN,FL,20,982,2.0366598778004072,12039
GAGE,NE,4,1241,0.32232070910556004,31067
GAINES,TX,2,1090,0.1834862385321101,48165
GALAX CITY,VA,5,189,2.6455026455026456,51640
GALLATIN,KY,2,66,3.0303030303030303,21077
GALLATIN,MT,14,4159,0.3366193796585718,30031
GALVESTON,TX,103,6179,1.6669363974753197,48167
GARFIELD,CO,10,1858,0.5382131324004306,08045
GARFIELD,OK,7,1800,0.3888888888888889,40047
GARLAND,AR,12,2236,0.5366726296958855,05051
GARRARD,KY,4,497,0.8048289738430584,21079
GARRETT,MD,1,791,0.12642225031605564,24023
GARVIN,OK,5,1201,0.4163197335553705,40049
GASCONADE,MO,1,599,0.1669449081803005,29073
GEARY,KS,3,468,0.641025641025641,20061
GEAUGA,OH,18,1969,0.9141696292534282,39055
GENESEE,MI,105,7402,1.4185355309375844,26049
GENESEE,NY,2,879,0.22753128555176336,36037
GENEVA,AL,5,630,0.7936507936507936,01061
GEORGE,MS,2,298,0.6711409395973155,28039
GEORGETOWN,SC,9,1586,0.5674653215636822,45043
GIBSON,IN,1,469,0.21321961620469082,18051
GIBSON,TN,3,1080,0.2777777777777778,47053
GILA,AZ,1,507,0.19723865877712032,04007
GILCHRIST,FL,5,199,2.512562814070352,12041
GILES,TN,4,531,0.7532956685499058,47055
GILES,VA,1,176,0.5681818181818182,51071
GILLESPIE,TX,3,815,0.36809815950920244,48171
GILMER,GA,9,438,2.054794520547945,13123
GILMER,WV,1,77,1.2987012987012987,54021
GILPIN,CO,7,100,7.000000000000001,08047
GLADES,FL,1,101,0.9900990099009901,12043
GLADWIN,MI,2,249,0.8032128514056224,26051
GLOUCESTER,NJ,56,4470,1.2527964205816555,34015
GLOUCESTER,VA,3,503,0.5964214711729622,51073
GLYNN,GA,64,2102,3.0447193149381544,13127
GONZALES,TX,1,542,0.18450184501845018,48177
GOOCHLAND,VA,7,379,1.8469656992084433,51075
GOODHUE,MN,4,1644,0.24330900243309003,27049
GOODING,ID,3,287,1.0452961672473868,16047
GORDON,GA,11,874,1.2585812356979404,13129
GRADY,GA,5,641,0.7800312012480499,13131
GRADY,OK,5,1234,0.4051863857374392,40051
GRAFTON,NH,4,1942,0.20597322348094746,33009
GRAHAM,AZ,4,266,1.5037593984962405,04009
GRAINGER,TN,3,292,1.0273972602739725,47057
GRAND,CO,8,517,1.5473887814313347,08049
GRAND,UT,3,385,0.7792207792207793,49019
GRAND TRAVERSE,MI,16,2533,0.6316620607974733,26055
GRANT,AR,2,226,0.8849557522123894,05053
GRANT,IN,4,1034,0.3868471953578337,18053
GRANT,KS,1,302,0.33112582781456956,20067
GRANT,LA,2,179,1.1173184357541899,22043
GRANT,NM,2,283,0.7067137809187279,35017
GRANT,WA,6,1474,0.40705563093622793,53025
GRANT,WI,3,1983,0.15128593040847202,55043
GRATIOT,MI,3,834,0.3597122302158274,26057
GRAVES,KY,12,795,1.509433962264151,21083
GRAY,KS,1,450,0.2222222222222222,20069
GRAY,TX,2,387,0.516795865633075,48179
GRAYS HARBOR,WA,11,935,1.1764705882352942,53027
GRAYSON,KY,2,628,0.3184713375796179,21085
GRAYSON,TX,21,2306,0.9106678230702514,48181
GREEN,WI,25,1128,2.2163120567375887,55045
GREEN LAKE,WI,5,456,1.0964912280701753,55047
GREENBRIER,WV,6,618,0.9708737864077669,54025
GREENE,AL,3,422,0.7109004739336493,01063
GREENE,AR,3,946,0.3171247357293869,05055
GREENE,GA,6,508,1.1811023622047243,13133
GREENE,IL,1,481,0.2079002079002079,17061
GREENE,IN,2,374,0.53475935828877,18055
GREENE,MO,26,7277,0.35729009207090834,29077
GREENE,NY,4,888,0.45045045045045046,36039
GREENE,OH,21,1950,1.0769230769230769,39057
GREENE,PA,1,326,0.3067484662576687,42059
GREENE,TN,3,874,0.34324942791762014,47059
GREENE,VA,1,252,0.3968253968253968,51079
GREENUP,KY,2,423,0.4728132387706856,21089
GREENVILLE,SC,208,11476,1.8124782154060648,45045
GREENWOOD,SC,13,1356,0.9587020648967551,45047
GREGG,TX,16,2836,0.5641748942172073,48183
GRENADA,MS,2,809,0.2472187886279357,28043
GRIMES,TX,3,523,0.5736137667304015,48185
GRUNDY,IA,1,642,0.1557632398753894,19075
GRUNDY,IL,8,1081,0.7400555041628123,17063
GRUNDY,MO,1,343,0.2915451895043732,29079
GUADALUPE,TX,42,2044,2.054794520547945,48187
GUAM,GU,5,2410,0.2074688796680498,NA
GUAYNABO,PR,2,2998,0.06671114076050699,NA
GUERNSEY,OH,3,423,0.7092198581560284,39059
GUILFORD,NC,1,12313,0.008121497604158206,37081
GULF,FL,4,286,1.3986013986013985,12045
GUNNISON,CO,3,764,0.3926701570680628,08051
GWINNETT,GA,1296,39416,3.2880048711183276,13135
HABERSHAM,GA,5,584,0.8561643835616438,13137
HALE,AL,9,675,1.3333333333333335,01065
HALE,TX,2,661,0.30257186081694404,48189
HALIFAX,VA,10,409,2.444987775061125,51083
HALL,GA,96,3803,2.5243229029713383,13139
HALL,NE,6,2047,0.29311187103077674,31079
HAMBLEN,TN,28,750,3.733333333333334,47063
HAMILTON,FL,3,154,1.948051948051948,12047
HAMILTON,IA,1,604,0.16556291390728478,19079
HAMILTON,IN,131,7639,1.714884147139678,18057
HAMILTON,NY,1,94,1.0638297872340425,36041
HAMILTON,OH,258,21122,1.2214752390872077,39061
HAMILTON,TN,158,8060,1.9602977667493797,47065
HAMILTON,TX,2,299,0.6688963210702341,48193
HAMPDEN,MA,129,7326,1.7608517608517609,25013
HAMPSHIRE,MA,146,2915,5.008576329331047,25015
HAMPTON,SC,2,396,0.5050505050505051,45049
HAMPTON CITY,VA,32,2079,1.5392015392015392,51650
HANCOCK,GA,10,206,4.854368932038835,13141
HANCOCK,IA,1,761,0.1314060446780552,19081
HANCOCK,IL,4,917,0.43620501635768816,17067
HANCOCK,IN,15,1175,1.276595744680851,18059
HANCOCK,ME,8,2653,0.3015454202789295,23009
HANCOCK,MS,6,815,0.7361963190184049,28045
HANCOCK,OH,6,1443,0.4158004158004158,39063
HANCOCK,TN,2,105,1.9047619047619049,47067
HANOVER,VA,9,2161,0.41647385469689957,51085
HARALSON,GA,3,353,0.84985835694051,13143
HARDEE,FL,10,318,3.1446540880503147,12049
HARDEMAN,TN,6,619,0.9693053311793215,47069
HARDIN,KY,10,1855,0.5390835579514826,21093
HARDIN,OH,2,469,0.42643923240938164,39065
HARDIN,TN,3,553,0.5424954792043399,47071
HARDIN,TX,10,637,1.5698587127158554,48199
HARDY,WV,1,264,0.3787878787878788,54031
HARFORD,MD,89,4272,2.083333333333333,24025
HARLAN,KY,3,198,1.5151515151515151,21095
HARPER,KS,1,343,0.2915451895043732,20077
HARRIS,GA,19,611,3.109656301145663,13145
HARRIS,TX,3306,140884,2.346611396609977,48201
HARRISON,IN,3,473,0.6342494714587738,18061
HARRISON,MS,65,5220,1.2452107279693485,28047
HARRISON,OH,1,124,0.8064516129032258,39067
HARRISON,TX,14,1114,1.2567324955116697,48203
HARRISON,WV,8,1154,0.6932409012131715,54033
HARRISONBURG CITY,VA,13,1066,1.2195121951219512,51660
HART,GA,4,511,0.7827788649706457,13147
HART,KY,2,649,0.30816640986132515,21099
HARTFORD,CT,353,19115,1.8467172377713836,09003
HARVEY,KS,3,834,0.3597122302158274,20079
HASKELL,TX,1,270,0.3703703703703704,48207
HAWAII,HI,58,3818,1.5191199580932426,15001
HAWKINS,TN,6,443,1.3544018058690745,47073
HAYS,TX,57,3758,1.5167642362959022,48209
HAYWOOD,TN,3,487,0.6160164271047228,47075
HEARD,GA,2,126,1.5873015873015872,13149
HENDERSON,KY,4,803,0.49813200498132004,21101
HENDERSON,TX,11,1194,0.9212730318257957,48213
HENDRICKS,IN,32,2998,1.0673782521681119,18063
HENDRY,FL,17,762,2.2309711286089238,12051
HENNEPIN,MN,351,35601,0.9859273615909665,27053
HENRICO,VA,114,7399,1.5407487498310584,51087
HENRY,AL,2,485,0.4123711340206186,01067
HENRY,GA,439,12076,3.635309705200397,13151
HENRY,IA,2,732,0.273224043715847,19087
HENRY,IL,6,1408,0.4261363636363636,17073
HENRY,IN,8,623,1.2841091492776886,18065
HENRY,KY,1,346,0.2890173410404624,21103
HENRY,MO,2,794,0.2518891687657431,29083
HENRY,OH,6,729,0.823045267489712,39069
HENRY,TN,2,744,0.2688172043010753,47079
HENRY,VA,21,457,4.595185995623632,51089
HERKIMER,NY,4,706,0.56657223796034,36043
HERNANDO,FL,92,2806,3.278688524590164,12053
HICKMAN,TN,7,278,2.5179856115107913,47081
HICKORY,MO,1,355,0.28169014084507044,29085
HIDALGO,TX,217,13710,1.5827862873814733,48215
HIGHLAND,OH,3,646,0.46439628482972134,39071
HIGHLANDS,FL,60,1668,3.5971223021582732,12055
HILL,TX,2,693,0.2886002886002886,48217
HILLSBOROUGH,FL,1684,45524,3.699147702310869,12057
HILLSBOROUGH,NH,64,8034,0.7966143888473985,33011
HILLSDALE,MI,1,666,0.15015015015015015,26059
HINDS,MS,122,8864,1.3763537906137184,28049
HOCKING,OH,1,329,0.303951367781155,39073
HOCKLEY,TX,2,472,0.423728813559322,48219
HODGEMAN,KS,1,241,0.4149377593360996,20083
HOLMES,FL,5,412,1.2135922330097086,12059
HOLMES,MS,13,658,1.9756838905775076,28051
HOLMES,OH,5,727,0.6877579092159559,39075
HONOLULU,HI,221,20333,1.0869030639846555,15003
HOOD,TX,16,1075,1.4883720930232558,48221
HOOD RIVER,OR,12,887,1.3528748590755355,41027
HOPEWELL CITY,VA,4,407,0.9828009828009828,51670
HOPKINS,KY,3,881,0.340522133938706,21107
HOPKINS,TX,9,897,1.0033444816053512,48223
HORRY,SC,61,7446,0.8192318023099652,45051
HOT SPRING,AR,3,389,0.7712082262210797,05059
HOUSTON,AL,23,3119,0.7374158384097467,01069
HOUSTON,GA,87,4269,2.037947997189037,13153
HOUSTON,MN,1,725,0.13793103448275862,27055
HOUSTON,TX,1,492,0.20325203252032523,48225
HOWARD,IN,9,1404,0.641025641025641,18067
HOWARD,MD,232,8146,2.848023569850233,24027
HOWARD,TX,4,440,0.9090909090909091,48227
HOWELL,MO,3,1424,0.21067415730337077,29091
HUBBARD,MN,1,622,0.1607717041800643,27057
HUDSON,NJ,595,14680,4.053133514986376,34017
HUDSPETH,TX,1,49,2.0408163265306123,48229
HUERFANO,CO,2,96,2.083333333333333,08055
HUGHES,OK,1,428,0.23364485981308408,40063
HUMPHREYS,MS,7,321,2.1806853582554515,28053
HUMPHREYS,TN,1,332,0.30120481927710846,47085
HUNT,TX,15,1238,1.2116316639741518,48231
HUNTERDON,NJ,54,2908,1.8569463548830811,34019
HUNTINGTON,IN,1,749,0.13351134846461948,18069
HURON,OH,7,1025,0.6829268292682927,39077
IBERIA,LA,24,2627,0.9135896459840122,22045
IBERVILLE,LA,4,1219,0.3281378178835111,22047
INDEPENDENCE,AR,1,777,0.1287001287001287,05063
INDIAN RIVER,FL,118,3478,3.392754456584244,12061
INDIANA,PA,5,1105,0.4524886877828055,42063
INGHAM,MI,48,5273,0.9102977432201783,26065
IONIA,MI,2,675,0.2962962962962963,26067
IOWA,IA,1,815,0.1226993865030675,19095
IOWA,WI,2,981,0.20387359836901123,55049
IRON,MI,2,198,1.0101010101010102,26071
IRON,UT,4,932,0.4291845493562232,49021
IRON,WI,1,138,0.7246376811594203,55051
IRWIN,GA,5,362,1.3812154696132597,13155
ISABELLA,MI,2,1116,0.17921146953405018,26073
ISANTI,MN,1,688,0.14534883720930233,27059
ISLAND,WA,13,1179,1.102629346904156,53029
ISLE OF WIGHT,VA,5,484,1.0330578512396695,51093
ITASCA,MN,2,945,0.21164021164021166,27061
ITAWAMBA,MS,2,476,0.42016806722689076,28057
JACK,TX,1,290,0.3448275862068966,48237
JACKSON,AL,1,959,0.10427528675703858,01071
JACKSON,AR,1,312,0.3205128205128205,05067
JACKSON,FL,15,822,1.824817518248175,12063
JACKSON,GA,31,1279,2.4237685691946833,13157
JACKSON,IA,2,1103,0.1813236627379873,19097
JACKSON,IL,4,1284,0.3115264797507788,17077
JACKSON,LA,5,227,2.2026431718061676,22049
JACKSON,MI,5,2084,0.23992322456813817,26075
JACKSON,MO,135,15947,0.8465542108233524,29095
JACKSON,MS,30,3003,0.999000999000999,28059
JACKSON,OH,2,389,0.5141388174807198,39079
JACKSON,OK,1,912,0.10964912280701754,40065
JACKSON,OR,35,4385,0.798175598631699,41029
JACKSON,TX,1,281,0.3558718861209964,48239
JACKSON,WV,1,340,0.29411764705882354,54035
JAMES CITY,VA,17,1430,1.1888111888111887,51095
JASPER,GA,9,330,2.727272727272727,13159
JASPER,IA,1,1092,0.09157509157509157,19099
JASPER,IL,2,737,0.27137042062415195,17079
JASPER,IN,8,677,1.1816838995568686,18073
JASPER,MO,9,2586,0.34802784222737815,29097
JASPER,MS,6,363,1.6528925619834711,28061
JASPER,SC,9,602,1.495016611295681,45053
JASPER,TX,4,474,0.8438818565400843,48241
JAY,IN,1,449,0.22271714922048996,18075
JEFF DAVIS,GA,2,338,0.591715976331361,13161
JEFFERSON,AL,332,19448,1.707116412998766,01073
JEFFERSON,AR,13,1817,0.7154650522839846,05069
JEFFERSON,CO,199,12653,1.5727495455623173,08059
JEFFERSON,FL,2,254,0.7874015748031495,12065
JEFFERSON,GA,4,407,0.9828009828009828,13163
JEFFERSON,IA,1,803,0.12453300124533001,19101
JEFFERSON,ID,4,669,0.5979073243647235,16051
JEFFERSON,IL,3,1241,0.24174053182917005,17081
JEFFERSON,IN,3,482,0.6224066390041494,18077
JEFFERSON,KS,1,511,0.19569471624266144,20087
JEFFERSON,KY,187,15789,1.1843688643992651,21111
JEFFERSON,LA,383,16407,2.3343694764429817,22051
JEFFERSON,MO,11,2858,0.3848845346396081,29099
JEFFERSON,MS,2,200,1,28063
JEFFERSON,MT,2,224,0.8928571428571428,30043
JEFFERSON,NY,8,1903,0.42038885969521805,36045
JEFFERSON,OH,5,685,0.7299270072992701,39081
JEFFERSON,OR,3,304,0.9868421052631579,41031
JEFFERSON,PA,5,605,0.8264462809917356,42065
JEFFERSON,TN,17,578,2.941176470588235,47089
JEFFERSON,TX,102,5640,1.8085106382978722,48245
JEFFERSON,WA,9,621,1.4492753623188406,53031
JEFFERSON,WI,24,1496,1.6042780748663104,55055
JEFFERSON,WV,10,721,1.3869625520110958,54037
JEFFERSON DAVIS,LA,4,605,0.6611570247933884,22053
JEFFERSON DAVIS,MS,1,276,0.36231884057971014,28065
JENKINS,GA,1,198,0.5050505050505051,13165
JENNINGS,IN,3,287,1.0452961672473868,18079
JESSAMINE,KY,9,1073,0.8387698042870456,21113
JIM HOGG,TX,2,53,3.7735849056603774,48247
JIM WELLS,TX,6,666,0.9009009009009009,48249
JO DAVIESS,IL,2,1054,0.18975332068311196,17085
JOHNSON,AR,2,362,0.5524861878453038,05071
JOHNSON,IA,62,3428,1.8086347724620768,19103
JOHNSON,IN,33,2538,1.3002364066193852,18081
JOHNSON,KS,87,14809,0.587480586130056,20091
JOHNSON,KY,3,180,1.6666666666666667,21115
JOHNSON,NE,1,233,0.4291845493562232,31097
JOHNSON,TN,1,230,0.43478260869565216,47091
JOHNSON,TX,34,2713,1.2532252119424991,48251
JOHNSON,WY,1,466,0.2145922746781116,56019
JOHNSTON,OK,1,279,0.35842293906810035,40069
JONES,GA,22,497,4.426559356136821,13169
JONES,IA,1,995,0.10050251256281408,19105
JONES,MS,12,1511,0.7941760423560555,28067
JOSEPHINE,OR,11,1214,0.9060955518945634,41033
JUAB,UT,3,195,1.5384615384615385,49023
JUNEAU,AK,5,812,0.6157635467980296,02110
JUNIATA,PA,1,298,0.33557046979865773,42067
KALAMAZOO,MI,38,5047,0.7529225282345948,26077
KALKASKA,MI,3,202,1.4851485148514851,26079
KANAWHA,WV,17,2995,0.5676126878130217,54039
KANDIYOHI,MN,6,1616,0.3712871287128713,27067
KANE,IL,178,12072,1.4744864148442676,17089
KANKAKEE,IL,13,2562,0.507416081186573,17091
KARNES,TX,2,194,1.0309278350515463,48255
KAUAI,HI,29,1972,1.4705882352941175,15007
KAUFMAN,TX,49,2626,1.8659558263518659,48257
KAY,OK,2,1215,0.1646090534979424,40071
KEARNY,KS,1,241,0.4149377593360996,20093
KEITH,NE,1,485,0.2061855670103093,31101
KEMPER,MS,1,250,0.4,28069
KENAI PENINSULA,AK,8,1779,0.44969083754918493,02122
KENDALL,IL,68,3022,2.2501654533421576,17093
KENDALL,TX,9,1270,0.7086614173228346,48259
KENNEBEC,ME,7,1940,0.36082474226804123,23011
KENOSHA,WI,36,2706,1.3303769401330376,55059
KENT,DE,41,2708,1.5140324963072378,10001
KENT,MD,4,473,0.8456659619450317,24029
KENT,MI,112,13061,0.8575147385345686,26081
KENTON,KY,18,2358,0.7633587786259541,21117
KERR,TX,23,1045,2.200956937799043,48265
KERSHAW,SC,25,1144,2.1853146853146854,45055
KETCHIKAN GATEWAY,AK,1,539,0.1855287569573284,02130
KEWAUNEE,WI,7,576,1.215277777777778,55061
KIMBLE,TX,1,135,0.7407407407407408,48267
KING,WA,1228,52876,2.322414706104849,53033
KING AND QUEEN,VA,1,72,1.3888888888888888,51097
KING GEORGE,VA,4,236,1.694915254237288,51099
KINGMAN,KS,1,454,0.22026431718061676,20095
KINGS,NY,3132,74450,4.206850235057085,36047
KIOWA,OK,2,519,0.3853564547206166,40075
KITSAP,WA,67,3627,1.8472566859663635,53035
KITTITAS,WA,11,815,1.3496932515337423,53037
KLAMATH,OR,5,999,0.5005005005005005,41035
KLEBERG,TX,3,367,0.8174386920980926,48273
KLICKITAT,WA,7,377,1.8567639257294428,53039
KNOTT,KY,2,91,2.197802197802198,21119
KNOX,IL,3,1247,0.24057738572574178,17095
KNOX,IN,2,752,0.26595744680851063,18083
KNOX,ME,7,1723,0.4062681369704005,23013
KNOX,NE,1,1045,0.09569377990430622,31107
KNOX,OH,7,798,0.8771929824561403,39083
KNOX,TN,113,9349,1.2086854209006312,47093
KOOTENAI,ID,16,3375,0.4740740740740741,16055
KOSCIUSKO,IN,12,1190,1.0084033613445378,18085
KOSSUTH,IA,4,1602,0.24968789013732834,19109
LA CROSSE,WI,24,2545,0.9430255402750491,55063
LA PAZ,AZ,3,144,2.083333333333333,04012
LA PLATA,CO,5,1841,0.27159152634437805,08067
LA PORTE,IN,14,2110,0.6635071090047393,NA
LA SALLE,IL,4,2400,0.16666666666666669,NA
LA SALLE,LA,5,341,1.466275659824047,22059
LA SALLE,TX,1,45,2.2222222222222223,48283
LABETTE,KS,1,659,0.15174506828528073,20099
LACKAWANNA,PA,18,4293,0.41928721174004197,42069
LACLEDE,MO,4,1211,0.3303055326176713,29105
LAFAYETTE,AR,3,159,1.8867924528301887,05073
LAFAYETTE,FL,1,101,0.9900990099009901,12067
LAFAYETTE,LA,81,9221,0.878429671402234,22055
LAFAYETTE,MO,1,964,0.1037344398340249,29107
LAFAYETTE,MS,10,1745,0.5730659025787965,28071
LAFAYETTE,WI,2,879,0.22753128555176336,55065
LAFOURCHE,LA,25,3600,0.6944444444444444,22057
LAGRANGE,IN,5,384,1.3020833333333335,18087
LAKE,CO,1,112,0.8928571428571428,08065
LAKE,FL,247,7510,3.288948069241012,12069
LAKE,IL,335,17341,1.9318378409549624,17097
LAKE,IN,205,15429,1.3286667962926955,18089
LAKE,MT,1,746,0.13404825737265416,30047
LAKE,OH,43,4385,0.9806157354618017,39085
LAMAR,AL,3,254,1.1811023622047243,01075
LAMAR,GA,5,570,0.8771929824561403,13171
LAMAR,MS,9,1652,0.5447941888619854,28073
LAMAR,TX,8,1113,0.7187780772686434,48277
LAMPASAS,TX,1,359,0.2785515320334262,48281
LANCASTER,NE,27,7171,0.37651652489192583,31109
LANCASTER,PA,88,8678,1.0140585388338328,42071
LANCASTER,SC,35,1253,2.793296089385475,45057
LANE,OR,99,6214,1.5931766977792083,41039
LANGLADE,WI,6,426,1.4084507042253522,55067
LANIER,GA,2,170,1.1764705882352942,13173
LAPEER,MI,9,1251,0.7194244604316548,26087
LARAMIE,WY,21,2159,0.9726725335803612,56021
LARIMER,CO,70,8041,0.8705384902375327,08069
LARUE,KY,1,424,0.2358490566037736,21123
LATAH,ID,2,684,0.29239766081871343,16057
LATIMER,OK,1,284,0.35211267605633806,40077
LAUDERDALE,AL,9,2049,0.43923865300146414,01077
LAUDERDALE,MS,21,1849,1.1357490535424553,28075
LAUDERDALE,TN,11,422,2.6066350710900474,47097
LAUREL,KY,8,1079,0.7414272474513438,21125
LAURENS,GA,24,1878,1.2779552715654952,13175
LAURENS,SC,12,833,1.440576230492197,45059
LAWRENCE,IL,1,354,0.2824858757062147,17101
LAWRENCE,IN,2,579,0.3454231433506045,18093
LAWRENCE,KY,2,128,1.5625,21127
LAWRENCE,MO,2,1277,0.15661707126076743,29109
LAWRENCE,MS,2,299,0.6688963210702341,28077
LAWRENCE,OH,2,576,0.3472222222222222,39087
LAWRENCE,PA,3,1288,0.2329192546583851,42073
LAWRENCE,TN,1,846,0.1182033096926714,47099
LE FLORE,OK,1,1295,0.07722007722007722,40079
LE SUEUR,MN,2,896,0.2232142857142857,27079
LEA,NM,17,1436,1.1838440111420612,35025
LEAKE,MS,1,473,0.21141649048625794,28079
LEAVENWORTH,KS,7,1192,0.587248322147651,20103
LEBANON,PA,19,1641,1.157830591102986,42075
LEE,AL,67,3122,2.146060217809097,01081
LEE,AR,1,293,0.3412969283276451,05077
LEE,FL,551,18475,2.9824086603518265,12071
LEE,GA,18,807,2.2304832713754648,13177
LEE,IA,1,1120,0.08928571428571429,19111
LEE,MS,47,3250,1.4461538461538461,28081
LEE,SC,2,375,0.5333333333333333,45061
LEE,TX,1,558,0.17921146953405018,48287
LEE,VA,4,314,1.2738853503184715,51105
LEELANAU,MI,3,551,0.5444646098003629,26089
LEFLORE,MS,9,1260,0.7142857142857143,28083
LEHIGH,PA,132,6436,2.050963331261653,42077
LEMHI,ID,4,181,2.209944751381215,16059
LENAWEE,MI,6,1310,0.45801526717557256,26091
LEON,FL,215,7803,2.7553505062155583,12073
LEVY,FL,8,723,1.1065006915629323,12075
LEWIS,WA,11,965,1.1398963730569949,53041
LEWIS,WV,1,227,0.4405286343612335,54041
LEWIS AND CLARK,MT,4,1640,0.24390243902439024,30049
LEXINGTON,SC,94,5436,1.7292126563649743,45063
LEXINGTON CITY,VA,1,223,0.4484304932735426,51678
LIBERTY,FL,6,88,6.8181818181818175,12077
LIBERTY,GA,34,1222,2.7823240589198037,13179
LIBERTY,TX,25,1085,2.3041474654377883,48291
LICKING,OH,27,2358,1.1450381679389312,39089
LIMESTONE,AL,18,1486,1.2113055181695829,01083
LIMESTONE,TX,2,613,0.3262642740619902,48293
LINCOLN,GA,3,172,1.744186046511628,13181
LINCOLN,ID,1,92,1.0869565217391304,16063
LINCOLN,KY,4,464,0.8620689655172413,21137
LINCOLN,LA,16,1354,1.1816838995568686,22061
LINCOLN,ME,7,1125,0.6222222222222222,23015
LINCOLN,MN,1,624,0.16025641025641024,27081
LINCOLN,MO,5,1048,0.4770992366412214,29113
LINCOLN,MS,19,1129,1.6829052258635961,28085
LINCOLN,NE,2,1415,0.1413427561837456,31111
LINCOLN,NM,1,411,0.24330900243309003,35027
LINCOLN,OK,3,1029,0.2915451895043732,40081
LINCOLN,OR,7,1015,0.6896551724137931,41041
LINCOLN,TN,3,800,0.375,47103
LINCOLN,WI,2,522,0.38314176245210724,55069
LINCOLN,WV,1,72,1.3888888888888888,54043
LINCOLN,WY,1,422,0.23696682464454977,56023
LINN,IA,61,5342,1.141894421564957,19113
LINN,MO,1,629,0.1589825119236884,29115
LINN,OR,18,1564,1.1508951406649617,41043
LITCHFIELD,CT,34,4356,0.7805325987144168,09005
LIVINGSTON,IL,3,1296,0.23148148148148145,17105
LIVINGSTON,KY,2,174,1.1494252873563218,21139
LIVINGSTON,LA,42,2249,1.8674966651845264,22063
LIVINGSTON,MI,24,3020,0.7947019867549668,26093
LIVINGSTON,MO,1,497,0.2012072434607646,29117
LIVINGSTON,NY,8,843,0.9489916963226572,36051
LLANO,TX,1,364,0.27472527472527475,48299
LOGAN,CO,1,786,0.1272264631043257,08075
LOGAN,KY,2,675,0.2962962962962963,21141
LOGAN,OH,2,726,0.27548209366391185,39091
LOGAN,OK,6,911,0.6586169045005488,40083
LOGAN,WV,1,338,0.2958579881656805,54045
LONG,GA,3,185,1.6216216216216217,13183
LONOKE,AR,12,1043,1.1505273250239694,05085
LORAIN,OH,51,5005,1.0189810189810191,39093
LOS ALAMOS,NM,1,206,0.48543689320388345,35028
LOS ANGELES,CA,1,300032,3.332977815699659e-4,06037
LOUDON,TN,13,774,1.6795865633074936,47105
LOUDOUN,VA,176,8903,1.9768617320004493,51107
LOUISA,VA,3,360,0.8333333333333334,51109
LOWNDES,AL,2,278,0.7194244604316548,01085
LOWNDES,GA,43,3327,1.2924556657649533,13185
LOWNDES,MS,27,2260,1.1946902654867257,28087
LUBBOCK,TX,53,6320,0.8386075949367088,48303
LUCAS,IA,2,345,0.5797101449275363,19117
LUCAS,OH,143,11801,1.211761715108889,39095
LUMPKIN,GA,11,351,3.133903133903134,13187
LUNA,NM,2,386,0.5181347150259068,35029
LUZERNE,PA,49,5180,0.945945945945946,42079
LYCOMING,PA,10,1794,0.5574136008918618,42081
LYNCHBURG CITY,VA,17,1466,1.1596180081855387,51680
MACKINAC,MI,1,292,0.3424657534246575,26097
MACOMB,MI,240,17819,1.3468769291206015,26099
MACON,AL,12,389,3.0848329048843186,01087
MACON,GA,4,359,1.1142061281337048,13193
MACON,IL,24,2602,0.9223674096848578,17115
MACON,MO,2,589,0.3395585738539898,29121
MACOUPIN,IL,2,1267,0.15785319652722968,17117
MADISON,AL,114,8165,1.3962033067973056,01089
MADISON,FL,4,282,1.4184397163120568,12079
MADISON,GA,9,415,2.1686746987951806,13195
MADISON,IA,1,719,0.13908205841446453,19121
MADISON,IL,34,5298,0.6417516043790109,17119
MADISON,IN,19,1592,1.193467336683417,18095
MADISON,KY,11,1491,0.7377598926894702,21151
MADISON,LA,1,453,0.22075055187637968,22065
MADISON,MO,2,366,0.546448087431694,29123
MADISON,MS,41,4907,0.8355410637864276,28089
MADISON,NE,1,1876,0.053304904051172705,31119
MADISON,NY,7,894,0.7829977628635347,36053
MADISON,OH,4,716,0.5586592178770949,39097
MADISON,TN,12,2445,0.49079754601227,47113
MADISON,TX,2,292,0.684931506849315,48313
MADISON,VA,2,198,1.0101010101010102,51113
MAHASKA,IA,1,801,0.12484394506866417,19123
MAHONING,OH,69,5844,1.1806981519507187,39099
MANASSAS CITY,VA,39,1029,3.7900874635568513,51683
MANASSAS PARK CITY,VA,2,197,1.015228426395939,51685
MANATEE,FL,237,8187,2.8948332722609016,12081
MANISTEE,MI,1,303,0.33003300330033003,26101
MANITOWOC,WI,15,1430,1.048951048951049,55071
MARATHON,WI,8,2661,0.3006388575723412,55073
MARENGO,AL,7,620,1.129032258064516,01091
MARICOPA,AZ,1484,86583,1.713962325167758,04013
MARINETTE,WI,1,737,0.13568521031207598,55075
MARION,AL,4,515,0.7766990291262136,01093
MARION,AR,3,294,1.0204081632653061,05089
MARION,FL,189,6551,2.8850557166844757,12083
MARION,GA,1,169,0.591715976331361,13197
MARION,IA,3,986,0.3042596348884381,19125
MARION,IN,350,25308,1.3829619092776988,18097
MARION,KY,2,838,0.23866348448687352,21155
MARION,MS,5,816,0.6127450980392157,28091
MARION,OH,3,825,0.36363636363636365,39101
MARION,OR,102,5229,1.9506597819850833,41047
MARION,SC,4,503,0.7952286282306162,45067
MARION,TN,7,436,1.6055045871559634,47115
MARION,TX,5,149,3.3557046979865772,48315
MARION,WV,4,705,0.5673758865248227,54049
MARLBORO,SC,16,339,4.71976401179941,45069
MARQUETTE,MI,1,1101,0.09082652134423251,26103
MARQUETTE,WI,1,247,0.4048582995951417,55077
MARSHALL,AL,8,1869,0.4280363830925628,01095
MARSHALL,IA,2,929,0.2152852529601722,19127
MARSHALL,IL,2,365,0.547945205479452,17123
MARSHALL,IN,2,842,0.23752969121140144,18099
MARSHALL,KS,1,1047,0.09551098376313276,20117
MARSHALL,KY,5,555,0.9009009009009009,21157
MARSHALL,MS,38,1651,2.301635372501514,28093
MARSHALL,OK,1,313,0.3194888178913738,40095
MARSHALL,TN,5,488,1.0245901639344261,47117
MARTIN,FL,115,4209,2.73224043715847,12085
MARTIN,MN,1,1185,0.08438818565400844,27091
MARTIN,TX,2,90,2.2222222222222223,48317
MARTINSVILLE CITY,VA,3,235,1.276595744680851,51690
MASON,MI,2,568,0.35211267605633806,26105
MASON,TX,1,262,0.38167938931297707,48319
MASON,WA,7,555,1.2612612612612613,53045
MASSAC,IL,1,313,0.3194888178913738,17127
MATAGORDA,TX,7,677,1.03397341211226,48321
MATANUSKA SUSITNA,AK,10,1645,0.60790273556231,NA
MAUI,HI,129,4478,2.8807503349709696,15009
MAURY,TN,38,1701,2.2339800117577897,47119
MAVERICK,TX,4,616,0.6493506493506493,48323
MAYES,OK,3,764,0.3926701570680628,40097
MCCLAIN,OK,3,1037,0.28929604628736744,40087
MCCRACKEN,KY,9,1591,0.5656819610307983,21145
MCCULLOCH,TX,1,397,0.2518891687657431,48307
MCCURTAIN,OK,3,1032,0.29069767441860467,40089
MCDONALD,MO,1,473,0.21141649048625794,29119
MCDONOUGH,IL,4,882,0.45351473922902497,17109
MCDOWELL,WV,1,104,0.9615384615384616,54047
MCDUFFIE,GA,6,437,1.3729977116704806,13189
MCHENRY,IL,116,6435,1.8026418026418027,17111
MCINTOSH,GA,3,265,1.1320754716981132,13191
MCINTOSH,OK,1,707,0.14144271570014144,40091
MCKEAN,PA,4,524,0.7633587786259541,42083
MCKINLEY,NM,2,487,0.41067761806981523,35031
MCLEAN,IL,25,4112,0.6079766536964981,17113
MCLENNAN,TX,36,4454,0.8082622361921868,48309
MCMINN,TN,7,745,0.9395973154362416,47107
MCNAIRY,TN,1,439,0.22779043280182232,47109
MCPHERSON,KS,3,1207,0.24855012427506215,20113
MECKLENBURG,VA,7,510,1.3725490196078431,51117
MECOSTA,MI,1,408,0.24509803921568626,26107
MEDINA,OH,28,3024,0.9259259259259258,39103
MEDINA,TX,5,746,0.6702412868632708,48325
MEEKER,MN,1,868,0.1152073732718894,27093
MENARD,TX,1,63,1.5873015873015872,48327
MENIFEE,KY,1,153,0.6535947712418301,21165
MERCER,KY,1,482,0.2074688796680498,21167
MERCER,NJ,140,8106,1.7271157167530224,34021
MERCER,OH,1,1665,0.06006006006006006,39107
MERCER,PA,10,1773,0.5640157924421884,42085
MERCER,WV,6,794,0.7556675062972292,54055
MERIWETHER,GA,9,725,1.2413793103448276,13199
MERRIMACK,NH,8,2994,0.26720106880427524,33013
MESA,CO,11,3069,0.35842293906810035,08077
MIAMI,IN,10,444,2.2522522522522523,18103
MIAMI,OH,12,1742,0.6888633754305395,39109
MIAMI-DADE,FL,6341,152811,4.149570384330971,12086
MIDDLESEX,CT,35,3709,0.9436505796710704,09007
MIDDLESEX,MA,442,36631,1.2066282656766127,25017
MIDDLESEX,NJ,619,18533,3.3399881292829012,34023
MIDDLESEX,VA,3,216,1.3888888888888888,51119
MIDLAND,MI,8,1133,0.706090026478376,26111
MIDLAND,TX,84,4799,1.7503646593040216,48329
MIFFLIN,PA,2,579,0.3454231433506045,42087
MILAM,TX,1,604,0.16556291390728478,48331
MILLE LACS,MN,1,660,0.15151515151515152,27095
MILLER,AR,2,814,0.2457002457002457,05091
MILLER,GA,1,206,0.48543689320388345,13201
MILLS,TX,1,296,0.33783783783783783,48333
MILWAUKEE,WI,439,22435,1.9567639848451082,55079
MISSAUKEE,MI,2,209,0.9569377990430622,26113
MISSISSIPPI,AR,5,1350,0.3703703703703704,05093
MISSISSIPPI,MO,2,369,0.5420054200542005,29133
MISSOULA,MT,7,3341,0.20951810835079318,30063
MITCHELL,GA,18,1062,1.694915254237288,13205
MITCHELL,KS,1,538,0.18587360594795538,20123
MITCHELL,TX,3,100,3,48335
MOBILE,AL,455,14136,3.2187323146576117,01097
MOHAVE,AZ,26,2238,1.161751563896336,04015
MONITEAU,MO,1,671,0.14903129657228018,29135
MONMOUTH,NJ,487,16473,2.956352819765677,34025
MONONGALIA,WV,9,1729,0.5205320994794679,54061
MONROE,AL,20,568,3.5211267605633805,01099
MONROE,AR,1,282,0.3546099290780142,05095
MONROE,FL,71,4222,1.6816674561819043,12087
MONROE,GA,6,781,0.7682458386683738,13207
MONROE,IN,25,2054,1.2171372930866602,18105
MONROE,MI,19,1723,1.1027278003482297,26115
MONROE,MS,10,1350,0.7407407407407408,28095
MONROE,NY,97,14756,0.6573597180807806,36055
MONROE,OH,3,107,2.803738317757009,39111
MONROE,PA,45,2620,1.717557251908397,42089
MONROE,TN,1,884,0.11312217194570137,47123
MONROE,WI,2,1041,0.19212295869356388,55081
MONTAGUE,TX,2,446,0.4484304932735426,48337
MONTCALM,MI,5,725,0.6896551724137931,26117
MONTGOMERY,AL,105,6762,1.5527950310559007,01101
MONTGOMERY,GA,2,178,1.1235955056179776,13209
MONTGOMERY,IN,3,691,0.43415340086830684,18107
MONTGOMERY,KS,2,653,0.3062787136294028,20125
MONTGOMERY,KY,1,582,0.1718213058419244,21173
MONTGOMERY,MD,777,26284,2.9561710546339977,24031
MONTGOMERY,MO,1,466,0.2145922746781116,29139
MONTGOMERY,MS,3,345,0.8695652173913043,28097
MONTGOMERY,NY,12,672,1.7857142857142856,36057
MONTGOMERY,OH,98,11354,0.8631319358816275,39113
MONTGOMERY,PA,262,20293,1.2910855960183314,42091
MONTGOMERY,TN,34,3639,0.934322616103325,47125
MONTGOMERY,TX,229,12211,1.8753582835148634,48339
MONTGOMERY,VA,11,1176,0.935374149659864,51121
MONTOUR,PA,1,225,0.4444444444444444,42093
MONTROSE,CO,6,893,0.6718924972004479,08085
MOREHOUSE,LA,10,627,1.5948963317384368,22067
MORGAN,AL,11,2533,0.43426766679826295,01103
MORGAN,GA,10,630,1.5873015873015872,13211
MORGAN,IN,12,891,1.3468013468013467,18109
MORGAN,KY,1,271,0.36900369003690037,21175
MORGAN,MO,3,644,0.4658385093167702,29141
MORGAN,UT,1,224,0.4464285714285714,49029
MORGAN,WV,1,236,0.423728813559322,54065
MORRIS,KS,2,345,0.5797101449275363,20127
MORRIS,NJ,336,12835,2.617841838722244,34027
MORROW,OH,2,397,0.5037783375314862,39117
MOULTRIE,IL,1,348,0.28735632183908044,17139
MULTNOMAH,OR,384,21199,1.8114061984055851,41051
MURRAY,GA,2,332,0.6024096385542169,13213
MUSCATINE,IA,5,1029,0.4859086491739553,19139
MUSCOGEE,GA,170,7003,2.4275310581179497,13215
MUSKEGON,MI,6,2280,0.2631578947368421,26121
MUSKINGUM,OH,8,1243,0.6436041834271923,39119
MUSKOGEE,OK,9,1655,0.5438066465256798,40101
"NACOGDOCHES",TX,5,1245,0.4016064257028112,48347
"NANTUCKET",MA,4,932,0.4291845493562232,25019
"NASSAU",FL,30,1484,2.0215633423180592,12089
"NASSAU",NY,1431,45053,3.1762590726477704,36059
"NATCHITOCHES",LA,3,842,0.35629453681710216,22069
"NATRONA",WY,9,2141,0.42036431574030825,56025
"NAVAJO",AZ,11,759,1.4492753623188406,04017
"NAVARRO",TX,6,999,0.6006006006006006,48349
NELSON,KY,3,1031,0.2909796314258002,21179
NELSON,VA,1,252,0.3968253968253968,51125
NEOSHO,KS,1,567,0.1763668430335097,20133
NESHOBA,MS,5,634,0.7886435331230284,28099
NEVADA,AR,1,186,0.5376344086021506,05099
NEW CASTLE,DE,195,12588,1.5490943755958055,10003
NEW HANOVER,NC,1,5423,0.018439977872026555,37129
NEW HAVEN,CT,237,18738,1.2648094780659622,09009
NEW KENT,VA,2,283,0.7067137809187279,51127
NEW LONDON,CT,63,4624,1.3624567474048443,09011
NEW YORK,NY,2029,85813,2.3644436157691726,36061
NEWAYGO,MI,1,469,0.21321961620469082,26123
NEWBERRY,SC,14,679,2.0618556701030926,45071
NEWPORT NEWS CITY,VA,29,2939,0.9867301803334467,51700
NEWTON,AR,1,233,0.4291845493562232,05101
NEWTON,GA,115,4954,2.3213564796124344,13217
NEWTON,MO,4,1271,0.3147128245476003,29145
NEWTON,MS,3,466,0.6437768240343348,28101
NEWTON,TX,1,173,0.5780346820809248,48351
NEZ PERCE,ID,1,725,0.13793103448275862,16069
NIAGARA,NY,32,3252,0.984009840098401,36063
NICHOLAS,KY,1,208,0.4807692307692308,21181
NICHOLAS,WV,6,246,2.4390243902439024,54067
NICOLLET,MN,2,1111,0.18001800180018002,27103
NOBLE,IN,5,717,0.697350069735007,18113
NOBLE,OK,1,441,0.22675736961451248,40103
NODAWAY,MO,1,799,0.1251564455569462,29147
NOLAN,TX,1,284,0.35211267605633806,48353
NORFOLK,MA,238,17518,1.3586025802032196,25021
NORFOLK CITY,VA,58,3984,1.4558232931726909,51710
NORTH SLOPE,AK,1,34,2.941176470588235,02185
NORTHAMPTON,PA,91,4986,1.8251103088648215,42095
NORTHAMPTON,VA,3,223,1.345291479820628,51131
NORTHUMBERLAND,PA,20,1076,1.858736059479554,42097
NORTHUMBERLAND,VA,3,256,1.171875,51133
NORTON,KS,1,387,0.2583979328165375,20137
NOTTOWAY,VA,1,251,0.398406374501992,51135
NOWATA,OK,1,342,0.29239766081871343,40105
NOXUBEE,MS,3,967,0.3102378490175801,28103
NUECES,TX,62,5908,1.049424509140149,48355
OAKLAND,MI,546,35628,1.532502526103065,26125
OBION,TN,6,798,0.7518796992481203,47131
OCEAN,NJ,482,11936,4.0382037533512065,34029
OCHILTREE,TX,4,482,0.8298755186721992,48357
OCONEE,GA,26,1017,2.55653883972468,13219
OCONEE,SC,15,806,1.8610421836228286,45073
OCONTO,WI,8,679,1.1782032400589102,55083
OGEMAW,MI,1,332,0.30120481927710846,26129
OGLE,IL,7,1373,0.5098324836125273,17141
OGLETHORPE,GA,2,250,0.8,13221
OHIO,IN,1,59,1.694915254237288,18115
OHIO,WV,2,895,0.22346368715083798,54069
OKALOOSA,FL,101,4477,2.2559749832477105,12091
OKANOGAN,WA,3,760,0.39473684210526316,53047
OKEECHOBEE,FL,25,594,4.208754208754209,12093
OKFUSKEE,OK,1,376,0.26595744680851063,40107
OKLAHOMA,OK,215,21806,0.9859671650004586,40109
OKMULGEE,OK,7,763,0.9174311926605505,40111
OKTIBBEHA,MS,31,1608,1.9278606965174128,28105
OLDHAM,KY,8,940,0.851063829787234,21185
OLMSTED,MN,9,3512,0.25626423690205014,27109
ONEIDA,NY,35,3482,1.0051694428489375,36065
ONEIDA,WI,4,929,0.4305705059203444,55085
ONONDAGA,NY,66,9067,0.7279144149112164,36067
ONSLOW,NC,1,2033,0.04918839153959665,37133
ONTARIO,NY,14,2197,0.6372325898953117,36069
ORANGE,FL,2101,54231,3.874167911342221,12095
ORANGE,NY,235,7523,3.123753821613718,36071
ORANGE,TX,18,1077,1.6713091922005572,48361
ORANGE,VA,9,450,2,51137
ORANGEBURG,SC,64,1894,3.37909186906019,45075
ORLEANS,LA,388,18256,2.1253286590709903,22071
ORLEANS,NY,3,522,0.5747126436781609,36073
OSAGE,KS,1,467,0.21413276231263384,20139
OSAGE,OK,1,859,0.11641443538998836,40113
OSCEOLA,FL,527,11758,4.482054771219595,12097
OSCEOLA,MI,1,231,0.4329004329004329,26133
OSCODA,MI,2,89,2.247191011235955,26135
OSWEGO,NY,14,1377,1.016702977487291,36075
OTERO,CO,1,491,0.20366598778004072,08089
OTERO,NM,6,609,0.9852216748768473,35035
OTSEGO,MI,4,466,0.8583690987124464,26137
OTSEGO,NY,5,849,0.5889281507656066,36077
OTTAWA,MI,34,4935,0.6889564336372846,26139
OTTAWA,OH,5,968,0.5165289256198348,39123
OTTAWA,OK,1,844,0.11848341232227488,40115
OTTER TAIL,MN,2,2265,0.08830022075055188,27111
OUACHITA,AR,3,398,0.7537688442211055,05103
OUACHITA,LA,38,5248,0.7240853658536586,22073
OUTAGAMIE,WI,124,3948,3.1408308004052685,55087
OVERTON,TN,1,768,0.13020833333333331,47133
OWEN,IN,3,272,1.1029411764705883,18119
OWYHEE,ID,1,180,0.5555555555555556,16073
OXFORD,ME,6,815,0.7361963190184049,23017
OZAUKEE,WI,22,2174,1.011959521619135,55089
PACIFIC,WA,2,391,0.5115089514066496,53049
PAGE,VA,1,506,0.1976284584980237,51139
PALM BEACH,FL,2449,59740,4.099430867090727,12099
PALO PINTO,TX,6,456,1.3157894736842104,48363
PANOLA,MS,8,1587,0.5040957781978576,28107
PANOLA,TX,7,528,1.3257575757575757,48365
PARK,CO,5,296,1.6891891891891893,08093
PARK,MT,4,566,0.7067137809187279,30067
PARK,WY,4,1124,0.3558718861209964,56029
PARKE,IN,2,258,0.7751937984496124,18121
PARKER,TX,35,2533,1.381760757994473,48367
PASCO,FL,316,9773,3.233398137726389,12101
PASSAIC,NJ,401,12242,3.2756085606926972,34031
PATRICK,VA,8,192,4.166666666666666,51141
PAULDING,GA,88,3718,2.366863905325444,13223
PAWNEE,NE,1,195,0.5128205128205128,31133
PAWNEE,OK,2,480,0.4166666666666667,40117
PAYETTE,ID,2,392,0.5102040816326531,16075
PAYNE,OK,10,1895,0.5277044854881267,40119
PEACH,GA,17,825,2.0606060606060606,13225
PEARL RIVER,MS,13,1275,1.019607843137255,28109
PEMISCOT,MO,1,358,0.27932960893854747,29155
PEND OREILLE,WA,2,112,1.7857142857142856,53051
PENDLETON,KY,1,204,0.49019607843137253,21191
PENOBSCOT,ME,8,2826,0.28308563340410475,23019
PEORIA,IL,12,4926,0.24360535931790497,17143
PERRY,AL,2,368,0.5434782608695652,01105
PERRY,AR,1,144,0.6944444444444444,05105
PERRY,IL,11,393,2.7989821882951653,17145
PERRY,MO,1,687,0.1455604075691412,29157
PERRY,OH,1,344,0.29069767441860467,39127
PERRY,PA,2,503,0.3976143141153081,42099
PERRY,TN,1,160,0.625,47135
PETERSBURG,AK,2,444,0.45045045045045046,NA
PETERSBURG CITY,VA,21,1018,2.06286836935167,51730
PETTIS,MO,5,1179,0.4240882103477523,29159
PHELPS,MO,2,1206,0.16583747927031509,29161
PHILADELPHIA,PA,746,42202,1.7676887351310364,42101
PHILLIPS,AR,1,544,0.1838235294117647,05107
PICKAWAY,OH,9,740,1.2162162162162162,39129
PICKENS,AL,2,412,0.48543689320388345,01107
PICKENS,GA,10,776,1.2886597938144329,13227
PICKENS,SC,33,1443,2.2869022869022873,45077
PIERCE,GA,12,380,3.1578947368421053,13229
PIERCE,WA,253,12436,2.034416211000322,53053
PIERCE,WI,2,984,0.20325203252032523,55093
PIKE,AL,5,788,0.6345177664974619,01109
PIKE,GA,9,379,2.3746701846965697,13231
PIKE,IL,1,840,0.11904761904761905,17149
PIKE,KY,6,778,0.7712082262210797,21195
PIKE,MO,2,551,0.3629764065335753,29163
PIKE,MS,15,2152,0.6970260223048327,28113
PIKE,OH,3,302,0.9933774834437087,39131
PIKE,PA,10,716,1.3966480446927374,42103
PIMA,AZ,230,13357,1.7219435501983977,04019
PINAL,AZ,70,3833,1.8262457605009133,04021
PINELLAS,FL,655,26309,2.489642327720552,12103
PISCATAQUIS,ME,1,283,0.35335689045936397,23021
PITKIN,CO,4,1298,0.30816640986132515,08097
PITTSBURG,OK,2,1104,0.18115942028985507,40121
PITTSYLVANIA,VA,11,566,1.9434628975265018,51143
PLAQUEMINES,LA,15,829,1.8094089264173705,22075
PLATTE,MO,27,2054,1.3145082765335931,29165
PLATTE,NE,1,2026,0.04935834155972359,31141
PLATTE,WY,1,292,0.3424657534246575,56031
PLEASANTS,WV,1,52,1.9230769230769231,54073
PLYMOUTH,IA,1,1888,0.05296610169491525,19149
PLYMOUTH,MA,123,11013,1.1168618904930536,25023
POCAHONTAS,WV,1,169,0.591715976331361,54075
POINSETT,AR,2,465,0.43010752688172044,05111
POINTE COUPEE,LA,2,618,0.3236245954692557,22077
POLK,FL,593,13474,4.401068724951759,12105
POLK,GA,16,730,2.191780821917808,13233
POLK,IA,126,10236,1.2309495896834701,19153
POLK,MN,1,1410,0.07092198581560284,27119
POLK,MO,1,996,0.1004016064257028,29167
POLK,OR,9,844,1.066350710900474,41053
POLK,TN,1,142,0.7042253521126761,47139
POLK,TX,15,799,1.877346683354193,48373
POLK,WI,2,1183,0.16906170752324598,55095
PONTOTOC,MS,3,892,0.336322869955157,28115
POPE,AR,13,1087,1.1959521619135236,05115
POPE,IL,1,81,1.2345679012345678,17151
POQUOSON CITY,VA,2,129,1.550387596899225,51735
PORTAGE,OH,27,2403,1.1235955056179776,39133
PORTAGE,WI,4,1301,0.3074558032282859,55097
PORTER,IN,24,2900,0.8275862068965517,18127
PORTSMOUTH CITY,VA,33,1629,2.0257826887661143,51740
POTTAWATOMIE,OK,7,1206,0.5804311774461027,40125
POTTAWATTAMIE,IA,6,2027,0.2960039467192896,19155
POTTER,PA,2,184,1.0869565217391304,42105
POTTER,TX,9,2567,0.3506038176860148,48375
POWER,ID,2,135,1.4814814814814816,16077
POWESHIEK,IA,6,945,0.6349206349206349,19157
PRATT,KS,1,427,0.234192037470726,20151
PREBLE,OH,8,710,1.1267605633802817,39135
PRENTISS,MS,2,846,0.2364066193853428,28117
PRESIDIO,TX,1,143,0.6993006993006993,48377
PRESTON,WV,3,477,0.628930817610063,54077
PRICE,WI,2,311,0.6430868167202572,55099
PRINCE EDWARD,VA,3,338,0.8875739644970414,51147
PRINCE GEORGE,VA,2,335,0.5970149253731344,51149
PRINCE GEORGES,MD,743,23293,3.1897995105825783,NA
PRINCE WILLIAM,VA,266,7943,3.3488606320030216,51153
PROWERS,CO,3,555,0.5405405405405406,08099
PUEBLO,CO,34,1969,1.7267648552564754,08101
PULASKI,AR,100,13159,0.7599361653621095,05119
PULASKI,GA,11,267,4.119850187265917,13235
PULASKI,IL,1,146,0.684931506849315,17153
PULASKI,IN,4,359,1.1142061281337048,18131
PULASKI,KY,5,1580,0.31645569620253167,21199
PULASKI,MO,5,794,0.6297229219143577,29169
PULASKI,VA,5,313,1.5974440894568689,51155
PUSHMATAHA,OK,1,574,0.17421602787456447,40127
PUTNAM,FL,25,885,2.824858757062147,12107
PUTNAM,GA,21,601,3.494176372712146,13237
PUTNAM,IL,1,190,0.5263157894736842,17155
PUTNAM,IN,2,560,0.35714285714285715,18133
PUTNAM,MO,1,350,0.2857142857142857,29171
PUTNAM,NY,54,2156,2.504638218923933,36079
PUTNAM,TN,14,2060,0.6796116504854369,47141
PUTNAM,WV,9,755,1.1920529801324504,54079
QUEEN ANNES,MD,9,1233,0.7299270072992701,NA
QUEENS,NY,2775,65635,4.227927173002209,36081
QUITMAN,GA,1,46,2.1739130434782608,13239
QUITMAN,MS,2,313,0.6389776357827476,28119
RABUN,GA,2,265,0.7547169811320755,13241
RACINE,WI,66,3810,1.7322834645669292,55101
RADFORD,VA,4,184,2.1739130434782608,NA
RAINS,TX,1,224,0.4464285714285714,48379
RALEIGH,WV,11,982,1.120162932790224,54081
RAMSEY,MN,92,11639,0.790445914597474,27123
RANDALL,TX,10,2715,0.3683241252302026,48381
RANDOLPH,AL,13,488,2.663934426229508,01111
RANDOLPH,GA,5,327,1.529051987767584,13243
RANDOLPH,IL,3,641,0.46801872074883,17157
RANDOLPH,IN,2,412,0.48543689320388345,18135
RANKIN,MS,29,4074,0.7118311242022582,28121
RAPIDES,LA,34,2717,1.25138019874862,22079
RAVALLI,MT,2,1061,0.1885014137606032,30081
RAY,MO,2,554,0.36101083032490977,29177
REEVES,TX,1,206,0.48543689320388345,48389
REFUGIO,TX,1,104,0.9615384615384616,48391
RENO,KS,5,1664,0.3004807692307693,20155
RENSSELAER,NY,17,2205,0.7709750566893424,36083
RENVILLE,MN,2,1089,0.18365472910927455,27129
RHEA,TN,3,375,0.8,47143
RICE,MN,6,1653,0.3629764065335753,27131
RICHLAND,IL,10,641,1.5600624024960998,17159
RICHLAND,LA,1,758,0.13192612137203166,22083
RICHLAND,MT,2,679,0.29455081001472755,30083
RICHLAND,OH,10,2021,0.49480455220188024,39139
RICHLAND,SC,246,12001,2.0498291809015914,45079
RICHLAND,WI,1,558,0.17921146953405018,55103
RICHMOND,GA,100,4902,2.039983680130559,13245
RICHMOND,NY,292,9431,3.096172198070194,36085
RICHMOND CITY,VA,54,4783,1.1289985364833788,51760
RILEY,KS,2,1385,0.1444043321299639,20161
RINGGOLD,IA,1,481,0.2079002079002079,19159
RIO ARRIBA,NM,1,290,0.3448275862068966,35039
RIO GRANDE,CO,2,268,0.7462686567164178,08105
RIPLEY,IN,1,472,0.211864406779661,18137
RITCHIE,WV,1,84,1.1904761904761905,54085
ROANE,TN,4,468,0.8547008547008548,47145
ROANOKE,VA,20,1247,1.6038492381716118,51161
ROANOKE CITY,VA,29,2034,1.4257620452310718,51770
ROBERTSON,KY,1,64,1.5625,21201
ROBERTSON,TN,40,1046,3.824091778202677,47147
ROBERTSON,TX,1,418,0.23923444976076555,48395
ROCK,WI,27,2943,0.9174311926605505,55105
ROCK ISLAND,IL,23,2660,0.8646616541353384,17161
ROCKCASTLE,KY,2,323,0.6191950464396285,21203
ROCKDALE,GA,207,5431,3.811452771128706,13247
ROCKINGHAM,NH,58,8004,0.7246376811594203,33015
ROCKINGHAM,VA,12,1121,1.070472792149866,51165
ROCKLAND,NY,491,9201,5.336376480817302,36087
ROCKWALL,TX,78,2722,2.865540044085231,48397
ROGERS,OK,8,1598,0.5006257822277848,40131
ROOSEVELT,MT,2,392,0.5102040816326531,30085
ROOSEVELT,NM,3,277,1.083032490974729,35041
ROSS,OH,7,935,0.7486631016042781,39141
ROUTT,CO,4,1289,0.3103180760279286,08107
ROWAN,KY,2,472,0.423728813559322,21205
RUSH,IN,4,380,1.0526315789473684,18139
RUSK,TX,6,819,0.7326007326007326,48401
RUSSELL,AL,47,1695,2.7728613569321534,01113
RUSSELL,VA,3,485,0.6185567010309279,51167
RUTHERFORD,TN,115,6375,1.803921568627451,47149
SABINE,LA,6,355,1.6901408450704223,22085
SABINE,TX,2,115,1.7391304347826086,48403
SAGADAHOC,ME,5,679,0.7363770250368188,23023
SAGINAW,MI,32,4284,0.7469654528478058,26145
SAINT BERNARD,LA,24,1207,1.9884009942004972,22087
SAINT CHARLES,LA,16,1202,1.3311148086522462,22089
SAINT CHARLES,MO,43,6915,0.6218365871294288,29183
SAINT CLAIR,AL,30,1071,2.801120448179272,01115
SAINT CLAIR,IL,33,6016,0.5485372340425532,17163
SAINT CLAIR,MI,20,2051,0.9751340809361287,26147
SAINT CLAIR,MO,1,468,0.2136752136752137,29185
SAINT CROIX,VI,2,778,0.2570694087403599,NA
SAINT CROIX,WI,3,2029,0.14785608674223755,55109
SAINT FRANCIS,AR,3,795,0.37735849056603776,05123
SAINT FRANCOIS,MO,4,1118,0.35778175313059035,29187
SAINT HELENA,LA,4,582,0.6872852233676976,22091
SAINT JAMES,LA,16,894,1.7897091722595078,22093
SAINT JOHN,VI,9,206,4.368932038834951,NA
SAINT JOHNS,FL,151,5430,2.7808471454880292,12109
SAINT JOSEPH,MI,11,809,1.3597033374536465,26149
SAINT LANDRY,LA,11,1968,0.5589430894308943,22097
SAINT LAWRENCE,NY,4,1306,0.3062787136294028,36089
SAINT LOUIS,MN,15,3343,0.44869877355668564,27137
SAINT LOUIS,MO,236,28677,0.8229591658820657,29189
SAINT LOUIS CITY,MO,100,8942,1.1183180496533214,29510
SAINT LUCIE,FL,382,7657,4.988899046624004,12111
SAINT MARTIN,LA,22,1371,1.604668125455872,22099
SAINT MARY,LA,11,2278,0.4828797190517998,22101
SAINT MARYS,MD,22,1238,1.7770597738287561,NA
SAINT TAMMANY,LA,200,7538,2.6532236667551072,22103
SAINT THOMAS,VI,1,1336,0.07485029940119761,NA
SAINTE GENEVIEVE,MO,1,379,0.2638522427440633,NA
SALEM,NJ,8,939,0.8519701810436635,34033
SALEM,VA,7,543,1.289134438305709,NA
SALINE,AR,20,1912,1.0460251046025104,05125
SALT LAKE,UT,223,22911,0.9733315874470778,49035
SALUDA,SC,1,177,0.5649717514124294,45081
SAN JACINTO,TX,7,296,2.364864864864865,48407
SAN JUAN,NM,2,1378,0.14513788098693758,35045
SAN JUAN,PR,3,12167,0.024656858716199558,NA
SAN JUAN,WA,4,635,0.6299212598425197,53055
SAN MIGUEL,CO,4,578,0.6920415224913495,08113
SAN MIGUEL,NM,1,224,0.4464285714285714,35047
SAN PATRICIO,TX,7,811,0.8631319358816275,48409
SAN SABA,TX,1,267,0.37453183520599254,48411
SANDOVAL,NM,11,1153,0.9540329575021683,35043
SANDUSKY,OH,4,1107,0.36133694670280037,39143
SANGAMON,IL,20,5282,0.37864445285876563,17167
SANILAC,MI,3,1118,0.26833631484794274,26151
SANPETE,UT,1,529,0.1890359168241966,49039
SANTA BARBARA,CA,1,9645,0.010368066355624676,06083
SANTA CLARA,CA,1,36027,0.0027756960057734475,06085
SANTA CRUZ,AZ,9,622,1.4469453376205788,04023
SANTA FE,NM,37,3424,1.080607476635514,35049
SANTA ROSA,FL,69,2598,2.655889145496536,12113
SARASOTA,FL,271,11587,2.3388279968930696,12115
SARATOGA,NY,34,4179,0.8135917683656377,36091
SARPY,NE,7,2871,0.24381748519679552,31153
SAUK,WI,5,1795,0.2785515320334262,55111
SCHENECTADY,NY,34,2261,1.5037593984962405,36093
SCHLEY,GA,2,121,1.6528925619834711,13249
SCHOHARIE,NY,8,344,2.3255813953488373,36095
SCHUYLKILL,PA,19,1563,1.2156110044785668,42107
SCIOTO,OH,5,795,0.628930817610063,39145
SCOTT,IA,34,3776,0.9004237288135594,19163
SCOTT,KY,9,840,1.0714285714285714,21209
SCOTT,MN,26,3074,0.8458035133376708,27139
SCOTT,MO,2,1288,0.15527950310559005,29201
SCOTT,MS,1,714,0.1400560224089636,28123
SCOTT,TN,4,321,1.2461059190031152,47151
SCREVEN,GA,1,289,0.34602076124567477,13251
SCURRY,TX,1,268,0.3731343283582089,48415
SEBASTIAN,AR,8,2516,0.3179650238473768,05131
SEDGWICK,KS,171,10260,1.6666666666666667,20173
SEMINOLE,FL,419,12950,3.2355212355212353,12117
SEMINOLE,GA,10,332,3.0120481927710845,13253
SEMINOLE,OK,5,518,0.9652509652509652,40133
SENECA,NY,2,439,0.45558086560364464,36099
SENECA,OH,1,1213,0.08244023083264633,39147
SEVIER,TN,12,2196,0.546448087431694,47155
SEWARD,NE,3,881,0.340522133938706,31159
SHARP,AR,2,468,0.4273504273504274,05135
SHAWANO,WI,19,891,2.132435465768799,55115
SHAWNEE,KS,10,3157,0.31675641431738993,20177
SHEBOYGAN,WI,11,1948,0.5646817248459959,55117
SHELBY,AL,76,4895,1.5526046986721145,01117
SHELBY,IN,5,655,0.7633587786259541,18145
SHELBY,KY,9,783,1.1494252873563218,21211
SHELBY,OH,2,1005,0.1990049751243781,39149
SHELBY,TN,989,36850,2.683853459972863,47157
SHELBY,TX,2,701,0.28530670470756064,48419
SHENANDOAH,VA,6,539,1.1131725417439702,51171
SHERBURNE,MN,10,1830,0.546448087431694,27141
SHERIDAN,WY,10,1487,0.6724949562878278,56033
SHERMAN,KS,1,425,0.2352941176470588,20181
SHIAWASSEE,MI,1,883,0.11325028312570783,26155
SIMPSON,MS,2,700,0.2857142857142857,28127
SIOUX,IA,1,2723,0.03672420124862284,19167
SITKA,AK,3,529,0.5671077504725899,02220
SKAGIT,WA,20,2263,0.8837825894829873,53057
SKAMANIA,WA,1,119,0.8403361344537815,53059
SMITH,MS,3,403,0.7444168734491315,28129
SMITH,TN,3,463,0.6479481641468683,47159
SMITH,TX,34,4867,0.6985822888843229,48423
SMYTH,VA,1,537,0.186219739292365,51173
SNOHOMISH,WA,288,13680,2.1052631578947367,53061
SNYDER,PA,14,580,2.413793103448276,42109
SOCORRO,NM,2,103,1.9417475728155338,35053
SOMERSET,MD,7,251,2.788844621513944,24039
SOMERSET,ME,2,717,0.2789400278940028,23025
SOMERSET,NJ,193,7830,2.4648786717752236,34035
SOMERSET,PA,3,1104,0.2717391304347826,42111
SOMERVELL,TX,1,140,0.7142857142857143,48425
SOUTHAMPTON,VA,1,241,0.4149377593360996,51175
SOUTHEAST FAIRBANKS,AK,1,91,1.098901098901099,NA
SPALDING,GA,76,3831,1.9838162359697205,13255
SPARTANBURG,SC,90,5439,1.654715940430226,45083
SPENCER,IN,1,368,0.2717391304347826,18147
SPOKANE,WA,57,8445,0.6749555950266429,53063
SPOTSYLVANIA,VA,28,1736,1.6129032258064515,51177
ST JOHN THE BAPTIST,LA,25,1731,1.4442518775274409,22095
ST JOSEPH,IN,38,5411,0.7022731472925523,NA
STAFFORD,VA,49,1917,2.556077203964528,51179
STARK,OH,103,6749,1.526152022521855,39151
STARKE,IN,5,338,1.4792899408284024,18149
STARR,TX,3,808,0.3712871287128713,48427
STAUNTON CITY,VA,6,525,1.1428571428571428,51790
STEARNS,MN,20,4796,0.4170141784820684,27145
STEELE,MN,6,912,0.6578947368421052,27147
STEPHENS,GA,6,342,1.7543859649122806,13257
STEPHENS,OK,1,1390,0.07194244604316546,40137
STEPHENSON,IL,6,1574,0.3811944091486658,17177
STEUBEN,IN,5,567,0.8818342151675485,18151
STEUBEN,NY,2,1202,0.16638935108153077,36101
STEVENS,KS,1,213,0.4694835680751174,20189
STEVENS,WA,4,475,0.8421052631578947,53065
STEWART,TN,3,168,1.7857142857142856,47161
STONE,MS,2,238,0.8403361344537815,28131
STORY,IA,10,1827,0.5473453749315819,19169
STRAFFORD,NH,7,1987,0.35228988424760943,33017
SUBLETTE,WY,3,402,0.7462686567164178,56035
SUFFOLK,MA,358,19619,1.824761710586676,25025
SUFFOLK,NY,1101,38695,2.8453288538570876,36103
SUFFOLK CITY,VA,21,1356,1.5486725663716814,51800
SULLIVAN,IN,2,330,0.6060606060606061,18153
SULLIVAN,NY,27,1200,2.25,36105
SULLIVAN,TN,29,2361,1.228293096145701,47163
SUMMIT,CO,17,1326,1.282051282051282,08117
SUMMIT,OH,154,12538,1.2282660711437232,39153
SUMMIT,UT,15,1948,0.7700205338809034,49043
SUMNER,TN,73,3640,2.0054945054945055,47165
SUMTER,AL,7,381,1.837270341207349,01119
SUMTER,FL,33,1323,2.494331065759637,12119
SUMTER,GA,40,1279,3.1274433150899137,13261
SUMTER,SC,25,2944,0.8491847826086956,45085
SUNFLOWER,MS,26,1159,2.2433132010353756,28133
SUSQUEHANNA,PA,1,603,0.16583747927031509,42115
SUSSEX,DE,44,4202,1.0471204188481675,10005
SUSSEX,NJ,116,2351,4.934070608251808,34037
SUSSEX,VA,1,117,0.8547008547008548,51183
SUWANNEE,FL,9,617,1.4586709886547813,12121
SWEET GRASS,MT,1,149,0.6711409395973155,30097
SWIFT,MN,1,634,0.15772870662460567,27151
TALBOT,GA,4,209,1.9138755980861244,13263
TALBOT,MD,10,1242,0.8051529790660225,24041
TALLADEGA,AL,27,1172,2.303754266211604,01121
TALLAHATCHIE,MS,3,840,0.35714285714285715,28135
TALLAPOOSA,AL,7,672,1.0416666666666665,01123
TANEY,MO,7,1608,0.43532338308457713,29213
TANGIPAHOA,LA,41,4503,0.9105041083721963,22105
TAOS,NM,3,686,0.43731778425655976,35055
TARRANT,TX,962,50331,1.911346883630367,48439
TATE,MS,11,936,1.1752136752136753,28137
TATTNALL,GA,4,500,0.8,13267
TAYLOR,FL,3,251,1.1952191235059761,12123
TAYLOR,GA,18,251,7.171314741035857,13269
TAYLOR,KY,4,749,0.5340453938584779,21217
TAYLOR,TX,21,2640,0.7954545454545454,48441
TAYLOR,WV,2,130,1.5384615384615385,54091
TAZEWELL,IL,5,2297,0.21767522855899,17179
TAZEWELL,VA,3,609,0.49261083743842365,51185
TELFAIR,GA,3,609,0.49261083743842365,13271
TELLER,CO,8,570,1.4035087719298245,08119
TERREBONNE,LA,40,5307,0.7537214999057849,22109
TERRELL,GA,8,462,1.7316017316017316,13273
TERRY,TX,1,310,0.3225806451612903,48445
TETON,ID,1,384,0.26041666666666663,16081
TETON,WY,2,1560,0.1282051282051282,56039
TEXAS,MO,1,865,0.11560693641618498,29215
TEXAS,OK,1,740,0.13513513513513514,40139
THOMAS,GA,9,1459,0.616860863605209,13275
THURSTON,WA,58,3794,1.5287295730100159,53067
TIFT,GA,11,1481,0.7427413909520594,13277
TILLAMOOK,OR,3,455,0.6593406593406593,41057
TIOGA,NY,2,563,0.3552397868561279,36107
TIPPAH,MS,2,560,0.35714285714285715,28139
TIPPECANOE,IN,17,3064,0.5548302872062663,18157
TIPTON,IN,1,356,0.2808988764044944,18159
TIPTON,TN,15,1090,1.3761467889908259,47167
TITUS,TX,2,604,0.33112582781456956,48449
TOLLAND,CT,51,1992,2.5602409638554215,09013
TOM GREEN,TX,14,2335,0.5995717344753747,48451
TOMPKINS,NY,11,1829,0.6014215418261345,36109
TOOELE,UT,6,588,1.0204081632653061,49045
TOOMBS,GA,9,675,1.3333333333333335,13279
TORRANCE,NM,2,116,1.7241379310344827,35057
TOWNS,GA,4,171,2.3391812865497075,13281
TRAVIS,TX,594,32393,1.8337295094619208,48453
TREGO,KS,1,251,0.398406374501992,20195
TRINITY,TX,5,223,2.242152466367713,48455
TROUP,GA,99,3383,2.926396689328998,13285
TROUSDALE,TN,2,165,1.2121212121212122,47169
TRUMBULL,OH,29,3053,0.9498853586636096,39155
TULSA,OK,107,15514,0.6896996261441279,40143
TUNICA,MS,3,432,0.6944444444444444,28143
TURNER,GA,3,625,0.48,13287
TUSCALOOSA,AL,113,5623,2.009603414547395,01125
TUSCARAWAS,OH,9,1362,0.6607929515418502,39157
TUSCOLA,MI,2,1017,0.19665683382497542,26157
TWIGGS,GA,9,206,4.368932038834951,13289
TWIN FALLS,ID,5,1785,0.2801120448179272,16083
TYLER,TX,2,186,1.0752688172043012,48457
UINTA,WY,1,402,0.24875621890547264,56041
UINTAH,UT,3,629,0.47694753577106513,49047
ULSTER,NY,43,3800,1.1315789473684212,36111
UMATILLA,OR,7,980,0.7142857142857143,41059
UNION,AR,4,1450,0.27586206896551724,05139
UNION,FL,3,124,2.4193548387096775,12125
UNION,GA,10,362,2.7624309392265194,13291
UNION,IN,1,154,0.6493506493506493,18161
UNION,LA,5,557,0.8976660682226212,22111
UNION,MS,6,925,0.6486486486486486,28145
UNION,NJ,389,13474,2.887041709959923,34039
UNION,OH,7,822,0.851581508515815,39159
UNION,OR,1,433,0.23094688221709006,41061
UNION,PA,3,620,0.4838709677419355,42119
UNION,TN,1,171,0.5847953216374269,47173
UPSHUR,TX,7,588,1.1904761904761905,48459
UPSON,GA,16,1308,1.2232415902140672,13293
UTAH,UT,179,9848,1.8176279447603576,49049
UVALDE,TX,1,767,0.1303780964797914,48463
VAL VERDE,TX,3,503,0.5964214711729622,48465
VALDEZ CORDOVA,AK,1,511,0.19569471624266144,NA
VALENCIA,NM,13,460,2.8260869565217392,35061
VALLEY,ID,1,365,0.273972602739726,16085
VALLEY,MT,1,436,0.22935779816513763,30105
VALLEY,NE,1,493,0.2028397565922921,31175
VAN BUREN,AR,1,268,0.3731343283582089,05141
VAN BUREN,MI,12,1061,1.1310084825636193,26159
VAN WERT,OH,1,747,0.13386880856760375,39161
VAN ZANDT,TX,2,806,0.24813895781637718,48467
VANDERBURGH,IN,23,3574,0.6435366536094013,18163
VENANGO,PA,10,648,1.5432098765432098,42121
VERMILION,IL,3,1753,0.17113519680547634,17183
VERMILION,LA,11,1456,0.7554945054945055,22113
VERNON,LA,6,474,1.2658227848101267,22115
VICTORIA,TX,13,1666,0.78031212484994,48469
VIGO,IN,8,1703,0.46975924838520255,18167
VILAS,WI,2,555,0.36036036036036034,55125
VIRGINIA BEACH CITY,VA,127,8671,1.4646522892399956,51810
VOLUSIA,FL,325,10635,3.05594734367654,12127
WABASH,IL,1,357,0.2801120448179272,17185
WABASH,IN,11,566,1.9434628975265018,18169
WABAUNSEE,KS,1,316,0.31645569620253167,20197
WADENA,MN,2,505,0.39603960396039606,27159
WAGONER,OK,3,1132,0.26501766784452296,40145
WAKE,NC,1,24211,0.0041303539713353436,37183
WAKULLA,FL,10,437,2.2883295194508007,12129
WALDO,ME,6,821,0.730816077953715,23027
WALKER,AL,15,880,1.7045454545454544,01127
WALKER,GA,14,644,2.1739130434782608,13295
WALKER,TX,7,1023,0.6842619745845552,48471
WALLA WALLA,WA,9,972,0.9259259259259258,53071
WALLER,TX,8,1002,0.7984031936127743,48473
WALTHALL,MS,4,582,0.6872852233676976,28147
WALTON,FL,35,2586,1.3534416086620265,12131
WALTON,GA,78,2397,3.254067584480601,13297
WALWORTH,WI,23,2063,1.1148812409112943,55127
WAPELLO,IA,3,886,0.33860045146726864,19179
WARD,TX,1,197,0.5076142131979695,48475
WARE,GA,15,776,1.9329896907216495,13299
WARREN,IA,2,1066,0.18761726078799248,19181
WARREN,KY,32,3052,1.0484927916120577,21227
WARREN,MO,1,498,0.2008032128514056,29219
WARREN,MS,16,1561,1.0249839846252402,28149
WARREN,NJ,56,1757,3.187250996015936,34041
WARREN,NY,2,1538,0.13003901170351106,36113
WARREN,OH,29,3520,0.8238636363636362,39165
WARREN,PA,9,393,2.2900763358778624,42123
WARREN,TN,3,739,0.40595399188092013,47177
WARREN,VA,8,481,1.6632016632016633,51187
WARRICK,IN,6,990,0.6060606060606061,18173
WASATCH,UT,2,758,0.2638522427440633,49051
WASCO,OR,2,451,0.4434589800443459,41065
WASECA,MN,2,919,0.2176278563656148,27161
WASHAKIE,WY,1,345,0.2898550724637681,56043
WASHBURN,WI,4,471,0.8492569002123143,55129
WASHINGTON,AL,4,310,1.2903225806451613,01129
WASHINGTON,AR,21,4901,0.4284839828606407,05143
WASHINGTON,FL,6,376,1.5957446808510638,12133
WASHINGTON,GA,5,559,0.8944543828264758,13303
WASHINGTON,IN,1,361,0.2770083102493075,18175
WASHINGTON,KY,2,499,0.4008016032064128,21229
WASHINGTON,LA,52,952,5.46218487394958,22117
WASHINGTON,MD,28,2304,1.215277777777778,24043
WASHINGTON,ME,4,1195,0.33472803347280333,23029
WASHINGTON,MN,41,4752,0.8627946127946129,27163
WASHINGTON,MO,1,422,0.23696682464454977,29221
WASHINGTON,MS,12,2034,0.5899705014749262,28151
WASHINGTON,NE,1,689,0.14513788098693758,31177
WASHINGTON,NY,8,682,1.1730205278592376,36115
WASHINGTON,OH,1,927,0.10787486515641855,39167
WASHINGTON,OR,176,10383,1.6950784936916115,41067
WASHINGTON,PA,47,3571,1.3161579389526743,42125
WASHINGTON,TN,23,2103,1.0936757013789824,47179
WASHINGTON,TX,2,942,0.21231422505307856,48477
WASHINGTON,UT,15,4110,0.36496350364963503,49053
WASHINGTON,VA,2,973,0.20554984583761562,51191
WASHINGTON,WI,39,2649,1.4722536806342015,55131
WASHTENAW,MI,67,7049,0.9504894311249823,26161
WAUKESHA,WI,185,9457,1.9562229036692396,55133
WAUPACA,WI,41,1158,3.540587219343696,55135
WAUSHARA,WI,7,404,1.7326732673267329,55137
WAYNE,GA,23,476,4.831932773109244,13305
WAYNE,IL,1,618,0.16181229773462785,17191
WAYNE,IN,2,989,0.20222446916076847,18177
WAYNE,MI,847,47816,1.7713735987953825,26163
WAYNE,MO,2,347,0.57636887608069165,29223
WAYNE,MS,13,694,1.8731988472622478,28153
WAYNE,NE,3,587,0.5110732538330494,31179
WAYNE,NY,14,1264,1.1075949367088607,36117
WAYNE,OH,14,1774,0.7891770011273956,39169
WAYNE,PA,6,962,0.6237006237006237,42127
WAYNE,TN,2,448,0.4464285714285714,47181
WAYNE,WV,2,245,0.8163265306122449,54099
WAYNESBORO CITY,VA,3,336,0.8928571428571428,51820
WEAKLEY,TN,2,623,0.32102728731942215,47183
WEBB,TX,102,4149,2.458423716558207,48479
WEBER,UT,39,3591,1.086048454469507,49057
WEBSTER,IA,6,1202,0.49916805324459235,19187
WEBSTER,LA,25,895,2.793296089385475,22119
WEBSTER,MS,3,367,0.8174386920980926,28155
WELD,CO,54,5620,0.9608540925266904,08123
WELLS,IN,4,508,0.7874015748031495,18179
WEST BATON ROUGE,LA,5,889,0.562429696287964,22121
WEST FELICIANA,LA,1,251,0.398406374501992,22125
WESTCHESTER,NY,684,27114,2.5226820092940914,36119
WESTMORELAND,PA,41,5328,0.7695195195195195,42129
WESTMORELAND,VA,3,192,1.5625,51193
WESTON,WY,1,263,0.38022813688212925,56045
WHARTON,TX,9,1169,0.7698887938408896,48481
WHATCOM,WA,38,4821,0.7882182119892139,53073
WHITE,AR,7,1327,0.5275056518462697,05145
WHITE,GA,1,492,0.20325203252032523,13311
WHITE,TN,2,697,0.2869440459110474,47185
WHITESIDE,IL,3,1373,0.21849963583394028,17195
WHITFIELD,GA,10,1613,0.6199628022318662,13313
WHITLEY,IN,2,624,0.3205128205128205,18183
WHITLEY,KY,3,569,0.5272407732864675,21235
WHITMAN,WA,1,679,0.14727540500736377,53075
WICHITA,TX,14,2671,0.5241482590789966,48485
WICOMICO,MD,32,1834,1.7448200654307526,24045
WILCOX,AL,1,355,0.28169014084507044,01131
WILCOX,GA,8,286,2.797202797202797,13315
WILKES,GA,3,281,1.0676156583629894,13317
WILKIN,MN,1,363,0.27548209366391185,27167
WILKINSON,GA,8,272,2.941176470588235,13319
WILKINSON,MS,1,280,0.35714285714285715,28157
WILL,IL,360,19209,1.874121505544276,17197
WILLACY,TX,4,211,1.8957345971563981,48489
WILLIAMS,OH,1,643,0.15552099533437014,39171
WILLIAMSBURG,SC,16,896,1.7857142857142856,45089
WILLIAMSBURG CITY,VA,7,244,2.8688524590163933,51830
WILLIAMSON,IL,9,1534,0.5867014341590613,17199
WILLIAMSON,TN,143,7821,1.8284106891701828,47187
WILLIAMSON,TX,261,10806,2.4153248195446975,48491
WILSON,KS,1,376,0.26595744680851063,20205
WILSON,TN,36,2895,1.2435233160621761,47189
WILSON,TX,11,707,1.5558698727015559,48493
WINCHESTER CITY,VA,5,803,0.62266500622665,51840
WINDHAM,CT,19,1512,1.2566137566137565,09015
WINDSOR,VT,2,1291,0.1549186676994578,50027
WINKLER,TX,5,156,3.205128205128205,48495
WINN,LA,1,228,0.43859649122807015,22127
WINNEBAGO,IA,1,645,0.15503875968992248,19189
WINNEBAGO,IL,98,7764,1.2622359608449252,17201
WINNEBAGO,WI,88,2692,3.268945022288262,55139
WINNESHIEK,IA,1,1375,0.07272727272727272,19191
WINONA,MN,3,1105,0.27149321266968324,27169
WINSTON,AL,15,364,4.1208791208791204,01133
WINSTON,MS,3,590,0.5084745762711864,28159
WISE,TX,14,1164,1.202749140893471,48497
WISE,VA,2,351,0.5698005698005698,51195
WOOD,OH,13,2200,0.5909090909090909,39173
WOOD,TX,5,613,0.8156606851549755,48499
WOOD,WI,8,1433,0.5582693649685974,55141
WOOD,WV,7,1059,0.6610009442870632,54107
WOODBURY,IA,6,2670,0.22471910112359553,19193
WOODFORD,KY,6,613,0.9787928221859705,21239
WOODS,OK,1,660,0.15151515151515152,40151
WOODWARD,OK,1,1306,0.0765696784073507,40153
WORCESTER,MA,130,13959,0.9312988036392291,25027
WORCESTER,MD,12,1716,0.6993006993006993,24047
WORTH,GA,5,468,1.0683760683760684,13321
WRIGHT,MN,14,2882,0.4857737682165163,27171
WRIGHT,MO,3,950,0.3157894736842105,29229
WYANDOT,OH,3,534,0.5617977528089888,39175
WYANDOTTE,KS,21,2360,0.8898305084745763,20209
WYOMING,NY,9,562,1.601423487544484,36121
WYOMING,PA,1,371,0.2695417789757413,42131
WYTHE,VA,3,496,0.6048387096774194,51197
YAKIMA,WA,43,3382,1.27143701951508,53077
YAMHILL,OR,24,1588,1.5113350125944585,41071
YATES,NY,1,362,0.2762430939226519,36123
YAVAPAI,AZ,52,3618,1.4372581536760642,04025
YAZOO,MS,14,1051,1.3320647002854424,28163
YELL,AR,1,293,0.3412969283276451,05149
YELLOWSTONE,MT,8,3877,0.20634511220015478,30111
YOAKUM,TX,1,160,0.625,48501
YORK,ME,11,4357,0.25246729400963963,23031
YORK,PA,45,6090,0.7389162561576355,42133
YORK,SC,103,4554,2.261747913921827,45091
YORK,VA,10,865,1.1560693641618496,51199
YOUNG,TX,1,828,0.12077294685990338,48503
YUMA,AZ,20,1772,1.1286681715575622,04027
YUMA,CO,1,878,0.11389521640091116,08125
ZAPATA,TX,2,191,1.0471204188481675,48505
ZAVALA,TX,1,109,0.9174311926605505,48507
