zip,donations,total,NAME,variable,estimate,moe,per_capita
20601,6976,190404.72999999975,ZCTA5 20601,B01003_001,26236,1592,265.89419118768103
20602,6758,109716.81999999996,ZCTA5 20602,B01003_001,26835,1607,251.8352897335569
20603,12854,248108.6100000006,ZCTA5 20603,B01003_001,32726,1599,392.7763857483347
20604,247,8033.67,NA,NA,NA,NA,NA
20606,11,131.43,ZCTA5 20606,B01003_001,314,129,35.031847133757964
20607,6889,181393.81000000043,ZCTA5 20607,B01003_001,10755,1740,640.5392840539284
20608,337,2569.720000000003,ZCTA5 20608,B01003_001,739,173,456.02165087956695
20609,61,2290,ZCTA5 20609,B01003_001,1211,310,50.371593724194874
20610,68,1669.1999999999998,NA,NA,NA,NA,NA
20611,46,1206,ZCTA5 20611,B01003_001,1354,242,33.97341211225997
20612,21,399.17,ZCTA5 20612,B01003_001,181,115,116.02209944751381
20613,6436,170352.85000000012,ZCTA5 20613,B01003_001,13240,968,486.10271903323263
20614,21,409,NA,NA,NA,NA,NA
20615,25,633,ZCTA5 20615,B01003_001,513,243,48.732943469785575
20616,1703,38740.899999999994,ZCTA5 20616,B01003_001,6728,1155,253.12128418549347
20617,274,7542.26,ZCTA5 20617,B01003_001,715,204,383.2167832167832
20618,313,6069.32,ZCTA5 20618,B01003_001,402,176,778.6069651741293
20619,2733,63659.01000000006,ZCTA5 20619,B01003_001,13845,1470,197.39978331527627
20620,393,7357.65,ZCTA5 20620,B01003_001,1688,561,232.81990521327015
20621,66,967,ZCTA5 20621,B01003_001,1277,469,51.68363351605325
20622,356,8922.109999999999,ZCTA5 20622,B01003_001,6692,1191,53.19784817692767
20623,2075,33616.96000000001,ZCTA5 20623,B01003_001,2619,348,792.287132493318
20624,60,795,ZCTA5 20624,B01003_001,1242,283,48.309178743961354
20625,454,9224.020000000004,ZCTA5 20625,B01003_001,929,416,488.69752421959095
20626,240,3636.8600000000006,ZCTA5 20626,B01003_001,278,121,863.3093525179855
20627,8,40,NA,NA,NA,NA,NA
20628,43,12163.26,ZCTA5 20628,B01003_001,452,257,95.13274336283186
20629,37,813,ZCTA5 20629,B01003_001,525,381,70.47619047619047
20630,371,24333.75,ZCTA5 20630,B01003_001,192,137,1932.2916666666667
20632,21,2812.5,ZCTA5 20632,B01003_001,314,155,66.87898089171975
20634,1095,27256.079999999944,ZCTA5 20634,B01003_001,6961,1013,157.30498491596035
20635,23,1176,NA,NA,NA,NA,NA
20636,2316,58391.37,ZCTA5 20636,B01003_001,11295,1428,205.0464807436919
20637,2083,40167.06999999999,ZCTA5 20637,B01003_001,5288,639,393.91074130105903
20638,24,729.74,NA,NA,NA,NA,NA
20639,3313,119571.28999999998,ZCTA5 20639,B01003_001,15216,1167,217.73133543638275
20640,1569,24599.82999999998,ZCTA5 20640,B01003_001,11113,874,141.18599838027535
20644,33,659,NA,NA,NA,NA,NA
20645,199,10778.3,ZCTA5 20645,B01003_001,653,154,304.7473200612558
20646,5566,130374.95000000004,ZCTA5 20646,B01003_001,22583,975,246.46858256210425
20647,1,39.8,NA,NA,NA,NA,NA
20649,6,330,NA,NA,NA,NA,NA
20650,3964,144375.84000000023,ZCTA5 20650,B01003_001,14069,1305,281.7542113867368
20653,3608,81705.0799999999,ZCTA5 20653,B01003_001,26112,1521,138.17401960784315
20656,38,1569.76,NA,NA,NA,NA,NA
20657,5067,125720.03000000009,ZCTA5 20657,B01003_001,19711,1125,257.0645832276394
20658,288,10475.370000000004,ZCTA5 20658,B01003_001,858,220,335.6643356643357
20659,2061,66697.38,ZCTA5 20659,B01003_001,23030,1602,89.49196699956579
20660,5,190,ZCTA5 20660,B01003_001,0,13,Inf
20662,316,3207.0199999999995,ZCTA5 20662,B01003_001,2333,457,135.44792113159025
20663,6,135,NA,NA,NA,NA,NA
20664,225,19794.23,ZCTA5 20664,B01003_001,3285,595,68.4931506849315
20667,37,1525.39,ZCTA5 20667,B01003_001,868,617,42.62672811059908
20669,1,20,NA,NA,NA,NA,NA
20670,100,2542.67,ZCTA5 20670,B01003_001,1620,451,61.72839506172839
20674,355,9889.67,ZCTA5 20674,B01003_001,1082,444,328.09611829944544
20675,265,13192.1,ZCTA5 20675,B01003_001,1662,384,159.44645006016847
20676,4042,51759.59,ZCTA5 20676,B01003_001,3631,652,1113.191958138254
20677,666,19220.51,ZCTA5 20677,B01003_001,2215,341,300.67720090293454
20678,2380,49224.85999999996,ZCTA5 20678,B01003_001,12418,857,191.65727170236755
20679,1,250,NA,NA,NA,NA,NA
20680,87,6197.360000000001,ZCTA5 20680,B01003_001,649,234,134.05238828967643
20682,3,153,NA,NA,NA,NA,NA
20683,6,280,NA,NA,NA,NA,NA
20684,90,3067.24,ZCTA5 20684,B01003_001,784,265,114.79591836734694
20685,2422,44961.41000000005,ZCTA5 20685,B01003_001,6732,791,359.7742127153892
20686,776,26377.35,ZCTA5 20686,B01003_001,1639,517,473.4594264795607
20687,80,2937.49,ZCTA5 20687,B01003_001,429,198,186.4801864801865
20688,3855,84676.29000000008,ZCTA5 20688,B01003_001,1945,588,1982.0051413881747
20689,201,18325.74,ZCTA5 20689,B01003_001,2386,628,84.24140821458508
20690,697,10894.629999999992,ZCTA5 20690,B01003_001,950,306,733.6842105263158
20691,4,84,NA,NA,NA,NA,NA
20692,161,5585.110000000001,ZCTA5 20692,B01003_001,684,318,235.38011695906434
20693,226,5676.370000000001,ZCTA5 20693,B01003_001,1171,547,192.99743808710505
20694,3,28,NA,NA,NA,NA,NA
20695,4407,98344.96999999994,ZCTA5 20695,B01003_001,8400,1028,524.6428571428572
20696,2,189.92,NA,NA,NA,NA,NA
20697,12,89,NA,NA,NA,NA,NA
20698,11,205.5,NA,NA,NA,NA,NA
20701,127,5610.76,ZCTA5 20701,B01003_001,760,548,167.10526315789474
20702,2,42,NA,NA,NA,NA,NA
20703,225,2404.51,NA,NA,NA,NA,NA
20704,71,1503.76,NA,NA,NA,NA,NA
20705,8949,263127.96999999945,ZCTA5 20705,B01003_001,28348,1742,315.6836461126005
20706,12313,314519.8699999994,ZCTA5 20706,B01003_001,45329,2502,271.6362593483201
20707,16759,392772.42999999854,ZCTA5 20707,B01003_001,32184,1133,520.7245836440467
20708,7135,155413.97000000026,ZCTA5 20708,B01003_001,26842,1931,265.8147679010506
20709,69,826,NA,NA,NA,NA,NA
20710,645,28141.24,ZCTA5 20710,B01003_001,9483,262,68.01645049035116
20711,1572,67949.20999999996,ZCTA5 20711,B01003_001,7400,1091,212.43243243243242
20712,4346,127500.21000000004,ZCTA5 20712,B01003_001,9649,441,450.4093688465126
20713,38,307,NA,NA,NA,NA,NA
20714,2108,41288.52999999997,ZCTA5 20714,B01003_001,5331,886,395.42299756143314
20715,17641,314771.77000000153,ZCTA5 20715,B01003_001,27360,1166,644.7733918128655
20716,9976,277360.8199999999,ZCTA5 20716,B01003_001,22223,1168,448.90428834990774
20717,56,1502.75,NA,NA,NA,NA,NA
20718,237,5407.000000000001,NA,NA,NA,NA,NA
20719,14,385,NA,NA,NA,NA,NA
20720,17274,545108.1899999978,ZCTA5 20720,B01003_001,23618,1488,731.3913117114066
20721,27247,1016134.5099999992,ZCTA5 20721,B01003_001,30121,1891,904.5848411407324
20722,4938,57960.55000000015,ZCTA5 20722,B01003_001,5604,533,881.1563169164882
20723,12363,402577.18000000034,ZCTA5 20723,B01003_001,36082,1969,342.6362175045729
20724,6276,110552.95999999986,ZCTA5 20724,B01003_001,17681,1751,354.957298795317
20725,122,5023.42,NA,NA,NA,NA,NA
20726,62,948,NA,NA,NA,NA,NA
20727,5,13,NA,NA,NA,NA,NA
20729,3,70.17,NA,NA,NA,NA,NA
20730,2,25,NA,NA,NA,NA,NA
20731,115,653,NA,NA,NA,NA,NA
20732,4164,104842.46,ZCTA5 20732,B01003_001,10295,664,404.46818844099073
20733,1910,50651.11,ZCTA5 20733,B01003_001,2645,651,722.117202268431
20734,20,578,NA,NA,NA,NA,NA
20735,15308,316990.6299999999,ZCTA5 20735,B01003_001,37009,1755,413.629117241752
20736,3030,72934.04000000002,ZCTA5 20736,B01003_001,8715,949,347.6764199655766
20737,3706,102120.56000000011,ZCTA5 20737,B01003_001,22666,1555,163.50480896496956
20738,65,964,NA,NA,NA,NA,NA
20739,4,160,NA,NA,NA,NA,NA
20740,12587,317914.8899999996,ZCTA5 20740,B01003_001,31723,643,396.7783627021404
20741,1486,40967.22999999998,NA,NA,NA,NA,NA
20742,56,12867.61,ZCTA5 20742,B01003_001,6511,402,8.600829365688835
20743,6852,165297.1299999999,ZCTA5 20743,B01003_001,38747,1572,176.8394972514001
20744,31497,615052.9699999988,ZCTA5 20744,B01003_001,54572,2345,577.1641134647805
20745,12754,230824.93999999977,ZCTA5 20745,B01003_001,27503,1820,463.73122932043776
20746,5612,110835.93000000008,ZCTA5 20746,B01003_001,26396,2012,212.60797090468253
20747,9223,156460.6300000003,ZCTA5 20747,B01003_001,41128,1853,224.2511184594437
20748,12089,230580.97000000085,ZCTA5 20748,B01003_001,38720,2347,312.21590909090907
20749,123,2894.23,NA,NA,NA,NA,NA
20750,732,10758.440000000002,NA,NA,NA,NA,NA
20751,943,30918.42999999999,ZCTA5 20751,B01003_001,1972,323,478.19472616632856
20752,39,1026,NA,NA,NA,NA,NA
20753,147,2130,NA,NA,NA,NA,NA
20754,1806,52836.890000000014,ZCTA5 20754,B01003_001,6950,1028,259.8561151079137
20755,718,13748.61,ZCTA5 20755,B01003_001,11340,1301,63.31569664902999
20757,115,2539.17,NA,NA,NA,NA,NA
20758,169,6653.169999999999,ZCTA5 20758,B01003_001,486,173,347.73662551440333
20759,4003,216717.4500000003,ZCTA5 20759,B01003_001,4721,509,847.9135776318577
20762,160,2821.08,ZCTA5 20762,B01003_001,3316,485,48.25090470446321
20763,1067,16640.289999999997,ZCTA5 20763,B01003_001,1955,533,545.7800511508951
20764,1593,58113.28999999995,ZCTA5 20764,B01003_001,3482,587,457.4956921309592
20765,376,18800.06,ZCTA5 20765,B01003_001,530,253,709.4339622641509
20768,190,4025.74,NA,NA,NA,NA,NA
20769,7457,183612.53000000017,ZCTA5 20769,B01003_001,6172,1162,1208.198314970836
20770,17073,470197.8199999965,ZCTA5 20770,B01003_001,24602,548,693.967970083733
20771,16,223,NA,NA,NA,NA,NA
20772,24555,701566.209999997,ZCTA5 20772,B01003_001,46471,2511,528.3940522046007
20773,348,13695.669999999998,NA,NA,NA,NA,NA
20774,28133,790564.2600000018,ZCTA5 20774,B01003_001,49907,2104,563.708497805919
20775,333,8819.52,NA,NA,NA,NA,NA
20776,1344,43335.319999999985,ZCTA5 20776,B01003_001,2940,545,457.1428571428571
20777,2707,111532.35999999994,ZCTA5 20777,B01003_001,3444,447,786.0046457607434
20778,1436,39547.169999999984,ZCTA5 20778,B01003_001,2460,680,583.739837398374
20779,687,29339.599999999988,ZCTA5 20779,B01003_001,956,279,718.6192468619247
20781,5853,231033.8899999996,ZCTA5 20781,B01003_001,11460,964,510.7329842931937
20782,12863,595571.0799999984,ZCTA5 20782,B01003_001,32527,1828,395.45608263903836
20783,5720,339753.4999999998,ZCTA5 20783,B01003_001,45550,2710,125.57628979143797
20784,5749,90245.51000000014,ZCTA5 20784,B01003_001,30381,1552,189.23011092459103
20785,11413,374647.23999999976,ZCTA5 20785,B01003_001,39237,1792,290.87341030150117
20786,52,2143.299999999999,NA,NA,NA,NA,NA
20787,24,339,NA,NA,NA,NA,NA
20788,2,20,NA,NA,NA,NA,NA
20790,2,1760,NA,NA,NA,NA,NA
20791,70,2046.19,NA,NA,NA,NA,NA
20792,210,9272.24,NA,NA,NA,NA,NA
20794,2890,65081.25000000002,ZCTA5 20794,B01003_001,16956,1301,170.44114177872137
20795,77,1970,NA,NA,NA,NA,NA
20796,3,102,NA,NA,NA,NA,NA
20797,2,28,NA,NA,NA,NA,NA
20798,7,89,NA,NA,NA,NA,NA
20801,6,1104,NA,NA,NA,NA,NA
20802,47,1088.26,NA,NA,NA,NA,NA
20803,14,140,NA,NA,NA,NA,NA
20804,15,607,NA,NA,NA,NA,NA
20805,125,6799.7,NA,NA,NA,NA,NA
20806,24,436,NA,NA,NA,NA,NA
20807,7,121,NA,NA,NA,NA,NA
20810,19,2173,NA,NA,NA,NA,NA
20812,416,82029.63,ZCTA5 20812,B01003_001,323,97,1287.9256965944273
20813,8,280,NA,NA,NA,NA,NA
20814,54366,3840965.980000051,ZCTA5 20814,B01003_001,29632,1515,1834.7057235421166
20815,77637,9090681.019999975,ZCTA5 20815,B01003_001,30908,1587,2511.8739484923
20816,35071,3206491.790000002,ZCTA5 20816,B01003_001,16661,1357,2104.97569173519
20817,65357,5935171.610000005,ZCTA5 20817,B01003_001,38131,1659,1714.0122210275103
20818,3976,339569.6300000002,ZCTA5 20818,B01003_001,2072,451,1918.918918918919
20820,1,20,NA,NA,NA,NA,NA
20822,1,5,NA,NA,NA,NA,NA
20823,2,50,NA,NA,NA,NA,NA
20824,474,28802.58,NA,NA,NA,NA,NA
20825,553,11115.52,NA,NA,NA,NA,NA
20826,27,1062,NA,NA,NA,NA,NA
20827,182,12166.57,NA,NA,NA,NA,NA
20828,2,12,NA,NA,NA,NA,NA
20830,139,1310,NA,NA,NA,NA,NA
20832,15646,505974.4099999999,ZCTA5 20832,B01003_001,25427,1426,615.3301608526369
20833,4572,170021.89000000042,ZCTA5 20833,B01003_001,7746,1233,590.2401239349342
20834,29,915,NA,NA,NA,NA,NA
20835,41,413,NA,NA,NA,NA,NA
20836,32,871.25,NA,NA,NA,NA,NA
20837,4684,155442.2500000004,ZCTA5 20837,B01003_001,6129,266,764.2356012400065
20838,448,18843.38,ZCTA5 20838,B01003_001,377,209,1188.3289124668436
20839,462,11704.82,ZCTA5 20839,B01003_001,139,139,3323.741007194245
20840,21,105,NA,NA,NA,NA,NA
20841,4010,161266.3100000001,ZCTA5 20841,B01003_001,11692,1315,342.9695518303113
20842,978,55610.649999999994,ZCTA5 20842,B01003_001,1467,233,666.6666666666666
20844,47,1252.5,NA,NA,NA,NA,NA
20845,2,100,NA,NA,NA,NA,NA
20847,11,529,NA,NA,NA,NA,NA
20848,42,757.49,NA,NA,NA,NA,NA
20849,375,4026.31,NA,NA,NA,NA,NA
20850,45289,1625183.4800000193,ZCTA5 20850,B01003_001,53522,1433,846.175404506558
20851,5030,158464.17000000016,ZCTA5 20851,B01003_001,14519,1274,346.44259246504583
20852,48307,1984718.029999996,ZCTA5 20852,B01003_001,47338,2156,1020.4698128353542
20853,19911,556389.1599999968,ZCTA5 20853,B01003_001,31510,2199,631.8946366232941
20854,55150,4750407.0800000075,ZCTA5 20854,B01003_001,49196,1953,1121.026099682901
20855,10620,442482.6699999997,ZCTA5 20855,B01003_001,15955,1470,665.6220620495143
20856,15,782,NA,NA,NA,NA,NA
20858,7,92,NA,NA,NA,NA,NA
20859,329,43985.94,NA,NA,NA,NA,NA
20860,4148,138927.70000000022,ZCTA5 20860,B01003_001,2890,771,1435.2941176470588
20861,2729,124085.48999999998,ZCTA5 20861,B01003_001,2015,592,1354.3424317617867
20862,260,16786.32,ZCTA5 20862,B01003_001,359,160,724.233983286908
20864,52,1064,NA,NA,NA,NA,NA
20865,38,1886,NA,NA,NA,NA,NA
20866,6180,175550.99000000046,ZCTA5 20866,B01003_001,16974,2024,364.08624955814776
20867,14,1045,NA,NA,NA,NA,NA
20868,451,11939.11,ZCTA5 20868,B01003_001,539,206,836.7346938775511
20869,7,305,NA,NA,NA,NA,NA
20870,9,450,NA,NA,NA,NA,NA
20871,8598,204083.8700000006,ZCTA5 20871,B01003_001,18961,1564,453.45709614471815
20872,7302,125311.22000000012,ZCTA5 20872,B01003_001,12790,1214,570.9147771696638
20873,6,225,NA,NA,NA,NA,NA
20874,22381,527915.7199999968,ZCTA5 20874,B01003_001,60258,2359,371.4195625477115
20875,256,7279.070000000001,NA,NA,NA,NA,NA
20876,9660,214333.43000000037,ZCTA5 20876,B01003_001,31703,2150,304.7030249503201
20877,15286,371444.01,ZCTA5 20877,B01003_001,37948,1745,402.8143775693054
20878,41096,1313016.679999994,ZCTA5 20878,B01003_001,63576,2164,646.4074493519568
20879,10054,219295.58000000264,ZCTA5 20879,B01003_001,26343,1585,381.6573662832631
20880,1356,52557.24000000001,ZCTA5 20880,B01003_001,530,148,2558.490566037736
20882,8651,261341.96000000025,ZCTA5 20882,B01003_001,14441,1104,599.0582369641992
20883,100,50776.7,NA,NA,NA,NA,NA
20884,42,388,NA,NA,NA,NA,NA
20885,98,2054.08,NA,NA,NA,NA,NA
20886,16207,362243.20999999874,ZCTA5 20886,B01003_001,34887,2194,464.55699830882565
20887,32,455,NA,NA,NA,NA,NA
20889,2,28,NA,NA,NA,NA,NA
20892,5,500,NA,NA,NA,NA,NA
20893,39,539,NA,NA,NA,NA,NA
20894,13,230,NA,NA,NA,NA,NA
20895,26497,1347975.3600000064,ZCTA5 20895,B01003_001,18930,1034,1399.7358689910195
20896,1962,161566.2600000002,ZCTA5 20896,B01003_001,792,130,2477.272727272727
20897,9,58,NA,NA,NA,NA,NA
20898,42,481.23,NA,NA,NA,NA,NA
20899,30,3050,ZCTA5 20899,B01003_001,284,130,105.63380281690141
20901,42989,1309525.8700000062,ZCTA5 20901,B01003_001,36802,1827,1168.1158632683007
20902,29875,1073108.0000000023,ZCTA5 20902,B01003_001,52752,2497,566.3292387018502
20903,6587,250580.09999999992,ZCTA5 20903,B01003_001,26951,1813,244.40651552818076
20904,41324,1477418.6700000064,ZCTA5 20904,B01003_001,55856,2452,739.8309939845317
20905,12733,509001.05000000366,ZCTA5 20905,B01003_001,18590,1534,684.9381387842926
20906,54095,1138991.140000007,ZCTA5 20906,B01003_001,70441,2794,767.9476441277096
20907,244,4264.09,NA,NA,NA,NA,NA
20908,26,583,NA,NA,NA,NA,NA
20910,60712,2979373.470000009,ZCTA5 20910,B01003_001,43729,1969,1388.3692743945667
20911,104,1824.23,NA,NA,NA,NA,NA
20912,38778,1936275.090000004,ZCTA5 20912,B01003_001,25118,1333,1543.8331077315072
20913,335,55972.77,NA,NA,NA,NA,NA
20914,309,7685.58,NA,NA,NA,NA,NA
20915,29,3230,NA,NA,NA,NA,NA
20916,797,5998.530000000001,NA,NA,NA,NA,NA
20917,23,1278.11,NA,NA,NA,NA,NA
20918,9,326,NA,NA,NA,NA,NA
20919,5,22,NA,NA,NA,NA,NA
20920,37,1202.4000000000003,NA,NA,NA,NA,NA
20922,1,250,NA,NA,NA,NA,NA
20923,16,527.75,NA,NA,NA,NA,NA
20925,3,150,NA,NA,NA,NA,NA
20932,10,172,NA,NA,NA,NA,NA
20939,24,152,NA,NA,NA,NA,NA
20941,1,25,NA,NA,NA,NA,NA
20950,294,5786.439999999999,NA,NA,NA,NA,NA
20952,11,148,NA,NA,NA,NA,NA
20953,258,5330.93,NA,NA,NA,NA,NA
20954,129,1389.7999999999993,NA,NA,NA,NA,NA
20960,3,215,NA,NA,NA,NA,NA
20966,1,10,NA,NA,NA,NA,NA
20971,8,101.17,NA,NA,NA,NA,NA
20972,1,69.96,NA,NA,NA,NA,NA
20974,19,2103,NA,NA,NA,NA,NA
20976,1,10,NA,NA,NA,NA,NA
20977,1,100,NA,NA,NA,NA,NA
20978,18,547.8199999999999,NA,NA,NA,NA,NA
20979,3,17,NA,NA,NA,NA,NA
20984,1,10,NA,NA,NA,NA,NA
20985,2,105,NA,NA,NA,NA,NA
20986,16,98,NA,NA,NA,NA,NA
20991,128,1591.3000000000002,NA,NA,NA,NA,NA
20992,33,642,NA,NA,NA,NA,NA
20993,1,100,NA,NA,NA,NA,NA
20994,21,895,NA,NA,NA,NA,NA
20995,10,287.20000000000005,NA,NA,NA,NA,NA
20996,31,991.72,NA,NA,NA,NA,NA
20997,4,30,NA,NA,NA,NA,NA
21001,9185,126335.17999999996,ZCTA5 21001,B01003_001,24959,891,368.00352578228296
21002,4,79,NA,NA,NA,NA,NA
21005,1513,7449.8,ZCTA5 21005,B01003_001,2724,553,555.4331864904552
21006,2,50,NA,NA,NA,NA,NA
21008,6,185,NA,NA,NA,NA,NA
21009,5538,94785.23000000004,ZCTA5 21009,B01003_001,31683,1841,174.79405359340973
21010,1196,18019.26,ZCTA5 21010,B01003_001,329,259,3635.2583586626142
21012,11344,448162.7999999995,ZCTA5 21012,B01003_001,22746,1598,498.72505055833994
21013,1809,42460.45999999997,ZCTA5 21013,B01003_001,5157,685,350.7853403141361
21014,9571,216782.57000000024,ZCTA5 21014,B01003_001,35668,1407,268.33576314904116
21015,7969,198034.8099999996,ZCTA5 21015,B01003_001,28975,1810,275.030198446937
21016,18,163.71999999999997,NA,NA,NA,NA,NA
21017,1139,18434.4,ZCTA5 21017,B01003_001,6034,713,188.7636725223732
21018,1,25,NA,NA,NA,NA,NA
21019,4,675,NA,NA,NA,NA,NA
21020,38,527,NA,NA,NA,NA,NA
21021,2,105,NA,NA,NA,NA,NA
21022,147,3757.27,NA,NA,NA,NA,NA
21023,188,7414.900000000003,NA,NA,NA,NA,NA
21024,4,140,NA,NA,NA,NA,NA
21025,4,255,NA,NA,NA,NA,NA
21027,8,300,NA,NA,NA,NA,NA
21028,777,21243.45,ZCTA5 21028,B01003_001,2609,324,297.81525488692984
21029,5070,334097.21000000037,ZCTA5 21029,B01003_001,11523,1241,439.9895860453007
21030,9939,375350.1199999992,ZCTA5 21030,B01003_001,24152,1767,411.5187148062272
21031,10,589.24,ZCTA5 21031,B01003_001,26,43,384.61538461538464
21032,5033,231805.08,ZCTA5 21032,B01003_001,7787,892,646.3336329780403
21033,43,1582,NA,NA,NA,NA,NA
21034,608,23530.29,ZCTA5 21034,B01003_001,3178,430,191.31529263687855
21035,6200,200449.85000000024,ZCTA5 21035,B01003_001,8315,783,745.640408899579
21036,1189,69995.87,ZCTA5 21036,B01003_001,2243,384,530.0936246098975
21037,9471,376584.1499999987,ZCTA5 21037,B01003_001,21134,1407,448.14043721018265
21039,9,822,NA,NA,NA,NA,NA
21040,2305,33320.56,ZCTA5 21040,B01003_001,24717,1846,93.25565400331755
21041,132,2730.9100000000003,NA,NA,NA,NA,NA
21042,28455,1050627.5999999992,ZCTA5 21042,B01003_001,42157,1972,674.9768721683231
21043,20844,686790.2499999983,ZCTA5 21043,B01003_001,46747,1981,445.8895758016557
21044,44569,1337506.6200000034,ZCTA5 21044,B01003_001,45741,2090,974.3774731641197
21045,30660,803755.2300000013,ZCTA5 21045,B01003_001,40265,1779,761.4553582515833
21046,11234,309389.19999999896,ZCTA5 21046,B01003_001,15597,1212,720.2667179585818
21047,2633,69101.56999999999,ZCTA5 21047,B01003_001,12629,1414,208.48839971494178
21048,2073,66157.87999999996,ZCTA5 21048,B01003_001,9719,893,213.29354871900404
21049,1,3,NA,NA,NA,NA,NA
21050,3563,70752.11000000012,ZCTA5 21050,B01003_001,17846,1210,199.65258321192425
21051,461,25766.14,ZCTA5 21051,B01003_001,231,105,1995.6709956709958
21052,16,551,ZCTA5 21052,B01003_001,179,86,89.3854748603352
21053,776,14091.339999999998,ZCTA5 21053,B01003_001,3134,513,247.60689215060626
21054,5833,159548.24000000028,ZCTA5 21054,B01003_001,11697,1538,498.67487389929045
21055,1,500,NA,NA,NA,NA,NA
21056,98,38413,ZCTA5 21056,B01003_001,333,262,294.2942942942943
21057,2464,65720.03000000001,ZCTA5 21057,B01003_001,4109,682,599.6592844974447
21059,10,56,NA,NA,NA,NA,NA
21060,14209,173872.13999999993,ZCTA5 21060,B01003_001,36049,1961,394.15795167688424
21061,10219,168692.45000000004,ZCTA5 21061,B01003_001,55020,2670,185.7324609233006
21062,126,856.5,NA,NA,NA,NA,NA
21064,32,688,NA,NA,NA,NA,NA
21065,1,100,NA,NA,NA,NA,NA
21067,1,100,NA,NA,NA,NA,NA
21069,15,126,NA,NA,NA,NA,NA
21071,287,8471.130000000001,ZCTA5 21071,B01003_001,454,271,632.1585903083701
21073,2,20,NA,NA,NA,NA,NA
21074,2983,55540.70000000002,ZCTA5 21074,B01003_001,14933,972,199.7589231902498
21075,8984,224807.7100000003,ZCTA5 21075,B01003_001,34939,1990,257.13386187355104
21076,6352,235382.90000000017,ZCTA5 21076,B01003_001,17947,1664,353.9310191118293
21077,85,1464.38,ZCTA5 21077,B01003_001,235,143,361.7021276595745
21078,7808,212588.47000000055,ZCTA5 21078,B01003_001,18957,745,411.87951680118164
21079,3,175,NA,NA,NA,NA,NA
21080,2,20,NA,NA,NA,NA,NA
21082,459,13343.93,ZCTA5 21082,B01003_001,608,197,754.9342105263158
21083,10,275,NA,NA,NA,NA,NA
21084,1638,29954.660000000033,ZCTA5 21084,B01003_001,7670,797,213.5593220338983
21085,2745,55980.65999999996,ZCTA5 21085,B01003_001,16318,1097,168.2191445030028
21086,3,87,NA,NA,NA,NA,NA
21087,656,20466.26,ZCTA5 21087,B01003_001,5437,505,120.6547728526761
2109,2,105,ZCTA5 02109,B01003_001,3639,471,0.5496015388843088
21090,1933,50232.64000000003,ZCTA5 21090,B01003_001,9715,1036,198.97066392177047
21092,4,74.96000000000001,NA,NA,NA,NA,NA
21093,22218,633944.1899999967,ZCTA5 21093,B01003_001,38245,1687,580.9386847953981
21094,40,17794.12,NA,NA,NA,NA,NA
21096,2,100,NA,NA,NA,NA,NA
21099,3,50,NA,NA,NA,NA,NA
21101,72,1499.5600000000002,NA,NA,NA,NA,NA
21102,3317,51923.16000000006,ZCTA5 21102,B01003_001,12043,939,275.4297102050984
21103,2,11,NA,NA,NA,NA,NA
21104,4210,99374.20000000011,ZCTA5 21104,B01003_001,6029,774,698.2915906452148
21105,28,267,ZCTA5 21105,B01003_001,0,13,Inf
21106,26,1213.24,NA,NA,NA,NA,NA
21107,2,35,NA,NA,NA,NA,NA
21108,6603,220072.7800000001,ZCTA5 21108,B01003_001,19136,1262,345.0564381270903
21109,1,40.48,NA,NA,NA,NA,NA
21111,3969,93046.8800000003,ZCTA5 21111,B01003_001,5343,693,742.841100505334
21112,1,25,NA,NA,NA,NA,NA
21113,16279,444059.96000000014,ZCTA5 21113,B01003_001,35210,2691,462.34024424879294
21114,8848,236144.47000000044,ZCTA5 21114,B01003_001,26460,1506,334.3915343915344
21115,5,108,NA,NA,NA,NA,NA
21116,21,1380.24,NA,NA,NA,NA,NA
21117,23052,657696.399999998,ZCTA5 21117,B01003_001,59663,2433,386.37011212979564
21118,6,123,NA,NA,NA,NA,NA
21120,2596,77234.65999999997,ZCTA5 21120,B01003_001,6775,680,383.1734317343173
21121,2,53,NA,NA,NA,NA,NA
21122,9609,221055.7499999993,ZCTA5 21122,B01003_001,59664,2771,161.0518905872888
21123,59,1086.37,NA,NA,NA,NA,NA
21124,3,240,NA,NA,NA,NA,NA
21127,7,283,NA,NA,NA,NA,NA
21128,1908,49255.929999999986,ZCTA5 21128,B01003_001,13967,1031,136.60771819288323
21130,7,225,ZCTA5 21130,B01003_001,104,106,67.3076923076923
21131,2873,130327.89000000012,ZCTA5 21131,B01003_001,7587,794,378.6740477131936
21132,185,6295.84,ZCTA5 21132,B01003_001,3162,626,58.50727387729285
21133,8682,146954.52000000025,ZCTA5 21133,B01003_001,32714,1926,265.39096411322373
21134,21,552,NA,NA,NA,NA,NA
21135,1,100,NA,NA,NA,NA,NA
21136,11483,323548.850000002,ZCTA5 21136,B01003_001,34347,1557,334.32323055870967
21137,2,20,NA,NA,NA,NA,NA
21139,580,10016.789999999995,NA,NA,NA,NA,NA
21140,1294,55152.62999999996,ZCTA5 21140,B01003_001,3862,452,335.0595546349042
21143,3,210,NA,NA,NA,NA,NA
21144,11718,222529.8500000001,ZCTA5 21144,B01003_001,35680,2267,328.4192825112108
21145,1,50,NA,NA,NA,NA,NA
21146,13148,487095.9399999995,ZCTA5 21146,B01003_001,27634,1534,475.79069262502713
21147,16,344.63,NA,NA,NA,NA,NA
21149,1,7.71,NA,NA,NA,NA,NA
21150,45,748,NA,NA,NA,NA,NA
21152,1796,80268.00000000007,ZCTA5 21152,B01003_001,5349,926,335.76369414843896
21153,1329,41921.91000000001,ZCTA5 21153,B01003_001,348,163,3818.9655172413795
21154,568,14000.14,ZCTA5 21154,B01003_001,6467,874,87.83052419978351
21155,578,15340.34,ZCTA5 21155,B01003_001,2363,452,244.6043165467626
21156,40,1304.9999999999998,ZCTA5 21156,B01003_001,371,156,107.8167115902965
21157,8691,202460.4400000002,ZCTA5 21157,B01003_001,38714,1415,224.4924316784626
21158,4343,99560.21000000004,ZCTA5 21158,B01003_001,20773,945,209.06946517113562
21160,285,5854.12,ZCTA5 21160,B01003_001,2615,791,108.98661567877629
21161,1036,26816.29999999997,ZCTA5 21161,B01003_001,5738,842,180.55071453468108
21162,705,11934.46,ZCTA5 21162,B01003_001,4089,466,172.41379310344828
21163,4816,171400.08000000005,ZCTA5 21163,B01003_001,6602,797,729.475916388973
21164,1,100,NA,NA,NA,NA,NA
21171,8,80,NA,NA,NA,NA,NA
21173,1,1000,NA,NA,NA,NA,NA
21174,33,228,NA,NA,NA,NA,NA
21176,2,55,NA,NA,NA,NA,NA
21200,22,110,NA,NA,NA,NA,NA
21201,6643,366729.6200000009,ZCTA5 21201,B01003_001,17534,1206,378.8639215238964
21202,6148,382084.8500000009,ZCTA5 21202,B01003_001,21880,1571,280.9872029250457
21203,167,7428.41,NA,NA,NA,NA,NA
21204,12273,511605.4999999996,ZCTA5 21204,B01003_001,21518,1258,570.359698856771
21205,1021,23248.110000000015,ZCTA5 21205,B01003_001,15900,1344,64.21383647798743
21206,6518,111044.22,ZCTA5 21206,B01003_001,51670,2198,126.14670021288948
21207,13152,198563.10000000015,ZCTA5 21207,B01003_001,50440,2781,260.74544012688347
21208,21511,700900.8699999987,ZCTA5 21208,B01003_001,35273,2207,609.8432228616789
21209,26774,644100.539999995,ZCTA5 21209,B01003_001,28621,2270,935.4669648160442
21210,25454,1443604.7700000436,ZCTA5 21210,B01003_001,16076,1123,1583.3540681761633
21211,13357,433904.2699999998,ZCTA5 21211,B01003_001,15735,803,848.8719415316174
21212,25556,1146181.100000002,ZCTA5 21212,B01003_001,33865,1962,754.6434371770264
21213,3715,75637.8300000001,ZCTA5 21213,B01003_001,30596,2339,121.42110079748987
21214,7525,156481.40000000066,ZCTA5 21214,B01003_001,21666,1457,347.318379027047
21215,10084,148706.3900000006,ZCTA5 21215,B01003_001,55081,2574,183.07583377208113
21216,3837,59446.779999999984,ZCTA5 21216,B01003_001,28733,2204,133.53983224863399
21217,6787,338081.31999999844,ZCTA5 21217,B01003_001,32830,2015,206.73164788303382
21218,31378,1018091.8099999998,ZCTA5 21218,B01003_001,46172,2131,679.589361517803
21219,1232,28739.510000000017,ZCTA5 21219,B01003_001,9454,801,130.31521049291305
21220,3341,75693.55000000031,ZCTA5 21220,B01003_001,41067,2494,81.35485913263692
21221,3250,65432.59999999995,ZCTA5 21221,B01003_001,41899,2072,77.56748371082841
21222,3776,62814.88999999995,ZCTA5 21222,B01003_001,56946,2239,66.30843255013522
21223,1598,27742.830000000005,ZCTA5 21223,B01003_001,21974,1888,72.72230818239737
21224,12042,379731.1799999997,ZCTA5 21224,B01003_001,48770,2381,246.91408652860363
21225,2446,27074.09999999997,ZCTA5 21225,B01003_001,33227,2362,73.61483131188491
21226,636,12090.19,ZCTA5 21226,B01003_001,6699,1340,94.93954321540528
21227,4190,96694.33000000005,ZCTA5 21227,B01003_001,33396,1947,125.46412744041203
21228,26381,597323.7399999986,ZCTA5 21228,B01003_001,49438,2109,533.617864800356
21229,8355,157636.48000000007,ZCTA5 21229,B01003_001,45983,2344,181.69758388969836
21230,13266,623503.7299999964,ZCTA5 21230,B01003_001,33592,1510,394.9154560609669
21231,7981,281612.8999999996,ZCTA5 21231,B01003_001,15906,975,501.7603420093046
21232,12,414.4,NA,NA,NA,NA,NA
21233,28,238,NA,NA,NA,NA,NA
21234,12937,250143.7600000003,ZCTA5 21234,B01003_001,68678,2816,188.37182212644515
21235,13,268,NA,NA,NA,NA,NA
21236,5621,122992.59000000026,ZCTA5 21236,B01003_001,37803,1711,148.6919027590403
21237,3793,79481.20000000007,ZCTA5 21237,B01003_001,31105,1958,121.94180999839254
21238,13,734,NA,NA,NA,NA,NA
21239,11716,161538.66000000044,ZCTA5 21239,B01003_001,30143,2178,388.68062236671864
21240,14,522,ZCTA5 21240,B01003_001,0,13,Inf
21241,1,25,NA,NA,NA,NA,NA
21243,10,168,NA,NA,NA,NA,NA
21244,9590,141657.7900000002,ZCTA5 21244,B01003_001,36897,2382,259.91273003225194
21245,19,176,NA,NA,NA,NA,NA
21246,26,1031,NA,NA,NA,NA,NA
21249,3,22,NA,NA,NA,NA,NA
21250,5,206,ZCTA5 21250,B01003_001,2443,399,2.046663937781416
21251,9,134,ZCTA5 21251,B01003_001,1652,353,5.447941888619854
21252,9,120,ZCTA5 21252,B01003_001,2040,211,4.411764705882353
21253,1,100,NA,NA,NA,NA,NA
21255,1,5,NA,NA,NA,NA,NA
21257,55,1454.5,NA,NA,NA,NA,NA
21261,12,135,NA,NA,NA,NA,NA
21262,2,45,NA,NA,NA,NA,NA
21265,3,1000,NA,NA,NA,NA,NA
21271,2,12,NA,NA,NA,NA,NA
21275,1,100,NA,NA,NA,NA,NA
21281,1,10,NA,NA,NA,NA,NA
21282,274,5933.99,NA,NA,NA,NA,NA
21284,171,3867.14,NA,NA,NA,NA,NA
21285,3,650,NA,NA,NA,NA,NA
21286,12808,415242.91999999946,ZCTA5 21286,B01003_001,19711,945,649.7894576632337
21287,33,1663,NA,NA,NA,NA,NA
21288,1,25,NA,NA,NA,NA,NA
2129,2,12,ZCTA5 02129,B01003_001,20504,1151,0.09754194303550527
21291,3,300,NA,NA,NA,NA,NA
21294,2,100,NA,NA,NA,NA,NA
21296,15,335.5,NA,NA,NA,NA,NA
21297,8,122,NA,NA,NA,NA,NA
21298,1,100,NA,NA,NA,NA,NA
21299,2,105,NA,NA,NA,NA,NA
2130,4,163.31,ZCTA5 02130,B01003_001,42021,2021,0.09519049998810118
21301,12,230,NA,NA,NA,NA,NA
21302,15,525,NA,NA,NA,NA,NA
21303,10,464.66,NA,NA,NA,NA,NA
21304,97,1173.9400000000005,NA,NA,NA,NA,NA
21305,1,100,NA,NA,NA,NA,NA
21306,9,73,NA,NA,NA,NA,NA
21307,7,55,NA,NA,NA,NA,NA
21308,5,103,NA,NA,NA,NA,NA
21309,3,70,NA,NA,NA,NA,NA
21310,7,120.62,NA,NA,NA,NA,NA
21311,2,34.17,NA,NA,NA,NA,NA
21312,3,210,NA,NA,NA,NA,NA
21315,5,57,NA,NA,NA,NA,NA
21316,3,125,NA,NA,NA,NA,NA
21317,3,33,NA,NA,NA,NA,NA
21318,81,2430.24,NA,NA,NA,NA,NA
21320,9,728.15,NA,NA,NA,NA,NA
21323,2,14.38,NA,NA,NA,NA,NA
21328,20,300,NA,NA,NA,NA,NA
21330,1,50,NA,NA,NA,NA,NA
21331,2,80,NA,NA,NA,NA,NA
21332,2,29,NA,NA,NA,NA,NA
21334,13,63,NA,NA,NA,NA,NA
21336,4,140,NA,NA,NA,NA,NA
2134,1,100,ZCTA5 02134,B01003_001,19552,1201,0.05114566284779051
21344,2,25,NA,NA,NA,NA,NA
21346,2,29,NA,NA,NA,NA,NA
21386,3,170,NA,NA,NA,NA,NA
21401,36733,1649639.400000007,ZCTA5 21401,B01003_001,38788,1562,947.0196968134475
21402,172,9181.1,ZCTA5 21402,B01003_001,6460,2208,26.625386996904027
21403,25115,1333098.2500000054,ZCTA5 21403,B01003_001,31218,1926,804.5038119033891
21404,217,8654.399999999998,NA,NA,NA,NA,NA
21405,1726,51961.95999999998,ZCTA5 21405,B01003_001,398,168,4336.683417085427
21406,5,850,NA,NA,NA,NA,NA
21407,1,1010,NA,NA,NA,NA,NA
21408,135,263,NA,NA,NA,NA,NA
21409,11407,445531.4299999982,ZCTA5 21409,B01003_001,19304,1092,590.9138002486532
21410,2,100,NA,NA,NA,NA,NA
21412,6,91.07,NA,NA,NA,NA,NA
21428,21,210,NA,NA,NA,NA,NA
21430,1,40,NA,NA,NA,NA,NA
21442,1,150,NA,NA,NA,NA,NA
21491,22,660,NA,NA,NA,NA,NA
21493,6,133,NA,NA,NA,NA,NA
21498,3,130,NA,NA,NA,NA,NA
21501,45,625,NA,NA,NA,NA,NA
21502,7293,116830.50000000042,ZCTA5 21502,B01003_001,41735,1027,174.74541751527494
21503,18,648.06,NA,NA,NA,NA,NA
21504,2,50,NA,NA,NA,NA,NA
21509,17,970,NA,NA,NA,NA,NA
2152,1,25,ZCTA5 02152,B01003_001,18558,25,0.05388511693070373
21520,197,8828.130000000001,ZCTA5 21520,B01003_001,2003,391,98.3524712930604
21521,53,890.1600000000001,ZCTA5 21521,B01003_001,1183,238,44.80135249366018
21523,6,46,ZCTA5 21523,B01003_001,180,88,33.333333333333336
21524,5,7,ZCTA5 21524,B01003_001,831,274,6.016847172081829
21529,33,886,ZCTA5 21529,B01003_001,467,137,70.66381156316918
21530,475,11216.91,ZCTA5 21530,B01003_001,1923,385,247.00988039521582
21531,191,4804.52,ZCTA5 21531,B01003_001,1744,266,109.5183486238532
21532,1754,43536.08000000003,ZCTA5 21532,B01003_001,14498,670,120.982204441992
21533,3,55.239999999999995,NA,NA,NA,NA,NA
21536,466,10208.63,ZCTA5 21536,B01003_001,3984,466,116.96787148594377
21538,17,85,ZCTA5 21538,B01003_001,525,209,32.38095238095238
21539,28,785.4200000000001,ZCTA5 21539,B01003_001,2664,430,10.510510510510512
21540,1,56.18,ZCTA5 21540,B01003_001,90,52,11.11111111111111
21541,381,19362.08,ZCTA5 21541,B01003_001,1536,325,248.046875
21545,55,972.24,ZCTA5 21545,B01003_001,1771,252,31.055900621118013
21550,1946,54859.00000000003,ZCTA5 21550,B01003_001,14327,626,135.82745864451735
21555,229,5493.5,ZCTA5 21555,B01003_001,1501,271,152.5649566955363
21557,71,1640.1999999999998,ZCTA5 21557,B01003_001,1592,434,44.597989949748744
21560,8,127.17,NA,NA,NA,NA,NA
21561,752,17515.689999999995,ZCTA5 21561,B01003_001,2392,321,314.38127090301003
21562,202,2810.76,ZCTA5 21562,B01003_001,3426,653,58.96088733216579
21565,2,8,NA,NA,NA,NA,NA
21574,3,110,NA,NA,NA,NA,NA
21591,1,1,NA,NA,NA,NA,NA
21592,5,63,NA,NA,NA,NA,NA
21601,15791,628699.1599999968,ZCTA5 21601,B01003_001,23338,634,676.6218184934442
21602,26,529,NA,NA,NA,NA,NA
21604,1,25,NA,NA,NA,NA,NA
21607,2,350,ZCTA5 21607,B01003_001,770,239,2.5974025974025974
21610,279,3615.8,ZCTA5 21610,B01003_001,412,106,677.1844660194175
21612,232,8710.380000000001,ZCTA5 21612,B01003_001,597,297,388.60971524288107
21613,3942,120616.02999999994,ZCTA5 21613,B01003_001,17115,428,230.3242769500438
21614,1,17,NA,NA,NA,NA,NA
21615,2,12,NA,NA,NA,NA,NA
21617,3054,57825.34999999997,ZCTA5 21617,B01003_001,10534,743,289.91835959749386
21618,2,30,NA,NA,NA,NA,NA
21619,3573,96216.21999999994,ZCTA5 21619,B01003_001,5789,629,617.2050440490585
21620,7513,422426.1699999993,ZCTA5 21620,B01003_001,12989,739,578.4125028870583
21622,17,546.72,ZCTA5 21622,B01003_001,704,191,24.147727272727273
21623,282,7916.639999999999,ZCTA5 21623,B01003_001,2248,318,125.44483985765126
21624,164,8929.2,ZCTA5 21624,B01003_001,115,80,1426.086956521739
21625,258,8292.2,ZCTA5 21625,B01003_001,2401,346,107.45522698875469
21627,4,28,ZCTA5 21627,B01003_001,4,9,1000
21628,119,2211.88,ZCTA5 21628,B01003_001,324,134,367.28395061728395
21629,1206,24259.210000000006,ZCTA5 21629,B01003_001,9464,528,127.43026204564667
21631,94,3551.46,ZCTA5 21631,B01003_001,2708,403,34.711964549483014
21632,758,8827.550000000001,ZCTA5 21632,B01003_001,5885,356,128.8020390824129
21635,611,12718.539999999995,ZCTA5 21635,B01003_001,1970,388,310.1522842639594
21636,58,1112,ZCTA5 21636,B01003_001,837,253,69.29510155316606
21638,1114,33617.01,ZCTA5 21638,B01003_001,5227,664,213.12416299980868
21639,559,10110.96,ZCTA5 21639,B01003_001,5410,522,103.3271719038817
21640,141,3286.5,ZCTA5 21640,B01003_001,1467,295,96.11451942740285
21641,17,197,ZCTA5 21641,B01003_001,87,32,195.40229885057474
21643,740,13598.149999999998,ZCTA5 21643,B01003_001,5956,572,124.24445936870383
21645,196,5711.840000000006,ZCTA5 21645,B01003_001,1345,363,145.724907063197
21647,635,15435.859999999995,ZCTA5 21647,B01003_001,357,143,1778.7114845938374
21648,4,240,ZCTA5 21648,B01003_001,126,71,31.746031746031743
21649,100,2484.55,ZCTA5 21649,B01003_001,2204,499,45.37205081669691
21650,222,8666,ZCTA5 21650,B01003_001,296,153,750
21651,297,5999.56,ZCTA5 21651,B01003_001,2683,531,110.69698099142751
21652,249,5809.5,ZCTA5 21652,B01003_001,149,82,1671.1409395973153
21653,75,1085,ZCTA5 21653,B01003_001,96,75,781.25
21654,6312,175200.69,ZCTA5 21654,B01003_001,1221,250,5169.533169533169
21655,427,15772.760000000002,ZCTA5 21655,B01003_001,4763,458,89.64938064245223
21657,61,2836.7200000000003,ZCTA5 21657,B01003_001,727,188,83.90646492434662
21658,916,52629.99000000004,ZCTA5 21658,B01003_001,4177,427,219.29614555901364
21659,1,10,ZCTA5 21659,B01003_001,1509,319,0.6626905235255136
21660,722,14024.06,ZCTA5 21660,B01003_001,4361,386,165.55835817473059
21661,1339,25956.929999999997,ZCTA5 21661,B01003_001,2695,327,496.84601113172545
21662,821,71666.80999999998,ZCTA5 21662,B01003_001,369,101,2224.932249322493
21663,3198,165478.48000000045,ZCTA5 21663,B01003_001,3715,402,860.8344549125169
21664,37,803,ZCTA5 21664,B01003_001,497,133,74.4466800804829
21665,141,8093.42,ZCTA5 21665,B01003_001,194,120,726.8041237113401
21666,3570,104492.80000000018,ZCTA5 21666,B01003_001,13463,870,265.17120998291614
21667,445,7539.389999999999,ZCTA5 21667,B01003_001,255,131,1745.0980392156862
21668,148,2688.7899999999995,ZCTA5 21668,B01003_001,1763,360,83.94781622234828
21669,146,4473.520000000004,ZCTA5 21669,B01003_001,114,61,1280.701754385965
21670,15,29,NA,NA,NA,NA,NA
21671,397,13720.66,ZCTA5 21671,B01003_001,808,201,491.33663366336634
21672,6,92,ZCTA5 21672,B01003_001,149,71,40.26845637583892
21673,437,18756.35,ZCTA5 21673,B01003_001,3019,326,144.7499171911229
21676,78,9237.36,ZCTA5 21676,B01003_001,367,166,212.53405994550408
21677,28,1214,ZCTA5 21677,B01003_001,579,215,48.359240069084635
21678,1059,22807.97999999999,ZCTA5 21678,B01003_001,1549,313,683.6668818592641
21679,213,5971.209999999999,ZCTA5 21679,B01003_001,272,126,783.0882352941177
21691,1,100,NA,NA,NA,NA,NA
21701,24907,631639.1800000038,ZCTA5 21701,B01003_001,38390,1286,648.7887470695493
21702,17174,430403.05999999936,ZCTA5 21702,B01003_001,41729,1851,411.56030578254934
21703,8726,203219.95000000024,ZCTA5 21703,B01003_001,37048,1838,235.53228244439646
21704,5672,213888.01000000007,ZCTA5 21704,B01003_001,16478,1144,344.21653113241894
21705,449,9141.1,ZCTA5 21705,B01003_001,4,9,112250
21706,1,10,NA,NA,NA,NA,NA
21710,1509,45716.58000000003,ZCTA5 21710,B01003_001,4847,701,311.32659376934186
21711,30,741,ZCTA5 21711,B01003_001,1139,318,26.33889376646181
21713,1829,40567.68999999998,ZCTA5 21713,B01003_001,9979,769,183.28489828640144
21714,426,15300.23,ZCTA5 21714,B01003_001,179,186,2379.8882681564246
21715,93,4130,NA,NA,NA,NA,NA
21716,2201,47591.569999999985,ZCTA5 21716,B01003_001,5453,322,403.6310287914909
21717,97,3016.26,ZCTA5 21717,B01003_001,126,142,769.8412698412699
21718,165,4618.8,ZCTA5 21718,B01003_001,167,41,988.0239520958085
21719,115,1636.0099999999998,ZCTA5 21719,B01003_001,1074,230,107.07635009310987
21720,48,1214,NA,NA,NA,NA,NA
21721,4,63,NA,NA,NA,NA,NA
21722,248,4822.030000000004,ZCTA5 21722,B01003_001,6389,1193,38.81671623102207
21723,214,7010.54,ZCTA5 21723,B01003_001,648,193,330.24691358024694
21727,606,16539.529999999995,ZCTA5 21727,B01003_001,6965,488,87.00646087580762
21728,5,89,NA,NA,NA,NA,NA
21730,4,300,NA,NA,NA,NA,NA
21733,95,2380.62,ZCTA5 21733,B01003_001,988,336,96.15384615384616
21734,137,2700,ZCTA5 21734,B01003_001,840,233,163.0952380952381
21737,1141,42184.98,ZCTA5 21737,B01003_001,2476,698,460.8239095315024
21738,2133,91235.83999999994,ZCTA5 21738,B01003_001,3861,544,552.4475524475524
21740,9084,156266.82999999897,ZCTA5 21740,B01003_001,60922,1661,149.10869636584485
21741,26,1301,NA,NA,NA,NA,NA
21742,9377,180980.25000000055,ZCTA5 21742,B01003_001,33425,1957,280.5385190725505
21743,19,188.43,NA,NA,NA,NA,NA
21748,3,112,NA,NA,NA,NA,NA
21749,2,303,NA,NA,NA,NA,NA
21750,1588,25647.73999999999,ZCTA5 21750,B01003_001,3787,442,419.32928439397944
21752,4,40,NA,NA,NA,NA,NA
21753,9,294,NA,NA,NA,NA,NA
21754,3459,99558.51999999968,ZCTA5 21754,B01003_001,7117,909,486.01939019249687
21755,2271,65008.77999999997,ZCTA5 21755,B01003_001,5745,532,395.30026109660577
21756,706,23079.649999999976,ZCTA5 21756,B01003_001,2912,470,242.44505494505495
21757,121,3157.34,ZCTA5 21757,B01003_001,2753,364,43.95205230657464
21758,1923,35589.54000000006,ZCTA5 21758,B01003_001,4616,710,416.59445407279026
21759,2,67,NA,NA,NA,NA,NA
21762,127,4213.839999999999,ZCTA5 21762,B01003_001,131,67,969.4656488549617
21764,1,25,NA,NA,NA,NA,NA
21765,225,2593.999999999999,NA,NA,NA,NA,NA
21766,28,1177.77,ZCTA5 21766,B01003_001,660,273,42.42424242424243
21767,79,3614.53,ZCTA5 21767,B01003_001,694,280,113.8328530259366
21768,4,125,NA,NA,NA,NA,NA
21769,3776,108657.45999999992,ZCTA5 21769,B01003_001,11868,704,318.16649814627567
21770,1985,51007.11,ZCTA5 21770,B01003_001,6145,1091,323.026851098454
21771,8933,209328.0900000004,ZCTA5 21771,B01003_001,31366,2024,284.7988267550851
21772,26,183,NA,NA,NA,NA,NA
21773,1692,26795.68000000001,ZCTA5 21773,B01003_001,5404,579,313.10140636565507
21774,5176,144050.66000000012,ZCTA5 21774,B01003_001,13618,983,380.0851813775885
21775,20,1112,NA,NA,NA,NA,NA
21776,1182,21786.81,ZCTA5 21776,B01003_001,6137,586,192.60224865569498
21777,720,13418.1,ZCTA5 21777,B01003_001,2067,417,348.3309143686502
21778,187,2955.6699999999983,ZCTA5 21778,B01003_001,930,249,201.07526881720432
21779,475,6884.26,ZCTA5 21779,B01003_001,1712,661,277.4532710280374
21780,227,6613.8499999999995,ZCTA5 21780,B01003_001,1864,407,121.78111587982833
21781,2,110,ZCTA5 21781,B01003_001,128,144,15.625
21782,1239,23007.480000000003,ZCTA5 21782,B01003_001,4348,568,284.95860165593376
21783,1072,22073.15,ZCTA5 21783,B01003_001,9637,1018,111.23793711736018
21784,9655,257843.1300000003,ZCTA5 21784,B01003_001,36484,1317,264.63655300953843
21785,28,1329,NA,NA,NA,NA,NA
21786,1,5,NA,NA,NA,NA,NA
21787,944,30285.629999999997,ZCTA5 21787,B01003_001,10194,540,92.60349225034334
21788,2817,109285.4999999998,ZCTA5 21788,B01003_001,12241,818,230.12825749530268
21789,1,100,NA,NA,NA,NA,NA
21790,5,349.24,ZCTA5 21790,B01003_001,104,97,48.07692307692308
21791,1283,18969.599999999995,ZCTA5 21791,B01003_001,5080,605,252.55905511811022
21792,26,355,NA,NA,NA,NA,NA
21793,2311,63179.49999999996,ZCTA5 21793,B01003_001,10477,708,220.57840985014795
21794,648,27815.850000000013,ZCTA5 21794,B01003_001,2191,438,295.7553628480146
21795,1602,25785.01000000001,ZCTA5 21795,B01003_001,9150,838,175.08196721311475
21797,3224,169015.33999999994,ZCTA5 21797,B01003_001,8558,958,376.72353353587283
21798,331,18457.95,ZCTA5 21798,B01003_001,2412,517,137.23051409618574
21801,4484,130242.52999999998,ZCTA5 21801,B01003_001,30122,1498,148.86129739061153
21802,194,2387.96,ZCTA5 21802,B01003_001,98,47,1979.5918367346937
21803,82,1374.16,NA,NA,NA,NA,NA
21804,7964,177007.2200000002,ZCTA5 21804,B01003_001,39842,1392,199.88956377691883
21805,3,225,NA,NA,NA,NA,NA
21806,1,25,NA,NA,NA,NA,NA
21808,11,149,NA,NA,NA,NA,NA
21810,3,90,ZCTA5 21810,B01003_001,656,320,4.573170731707317
21811,9781,276675.0200000005,ZCTA5 21811,B01003_001,24356,921,401.58482509443263
21812,5,255,NA,NA,NA,NA,NA
21813,1012,18157.769999999997,ZCTA5 21813,B01003_001,2636,511,383.91502276176027
21814,274,5105.589999999998,ZCTA5 21814,B01003_001,274,194,1000
21816,2,125,NA,NA,NA,NA,NA
21817,312,6336.919999999993,ZCTA5 21817,B01003_001,4247,342,73.4636213797975
21818,1,100,NA,NA,NA,NA,NA
21820,3,43,NA,NA,NA,NA,NA
21821,155,2020.34,ZCTA5 21821,B01003_001,834,199,185.85131894484414
21822,632,12221.479999999998,ZCTA5 21822,B01003_001,1527,403,413.88343156516044
21823,1,150,NA,NA,NA,NA,NA
21824,16,166,ZCTA5 21824,B01003_001,181,129,88.39779005524862
21826,717,10358.839999999998,ZCTA5 21826,B01003_001,5317,162,134.85047959375586
21829,17,435,ZCTA5 21829,B01003_001,397,204,42.821158690176325
21830,383,9341.89,ZCTA5 21830,B01003_001,4790,893,79.95824634655533
21835,19,79,ZCTA5 21835,B01003_001,207,106,91.78743961352657
21837,509,5382.609999999997,ZCTA5 21837,B01003_001,3322,464,153.22095123419626
21838,55,1579,ZCTA5 21838,B01003_001,1805,407,30.470914127423825
21840,59,936.9400000000002,ZCTA5 21840,B01003_001,353,211,167.1388101983003
21841,349,6055.21,ZCTA5 21841,B01003_001,1455,332,239.86254295532646
21842,2437,52256.51999999999,ZCTA5 21842,B01003_001,10525,625,231.54394299287412
21843,469,5810.200000000001,NA,NA,NA,NA,NA
21849,541,11445.820000000002,ZCTA5 21849,B01003_001,3659,742,147.8546050833561
21850,110,1634.26,ZCTA5 21850,B01003_001,3442,772,31.958163858221962
21851,810,13798.000000000004,ZCTA5 21851,B01003_001,7237,517,111.92483073096588
21852,1,20,NA,NA,NA,NA,NA
21853,555,8938.869999999994,ZCTA5 21853,B01003_001,11437,695,48.52671155023171
21854,1,10,NA,NA,NA,NA,NA
21855,1,50,NA,NA,NA,NA,NA
21856,221,2715.48,ZCTA5 21856,B01003_001,957,385,230.9299895506792
21858,6,98.28,NA,NA,NA,NA,NA
21861,42,1238.16,ZCTA5 21861,B01003_001,687,136,61.135371179039296
21862,2,20,ZCTA5 21862,B01003_001,86,137,23.25581395348837
21863,778,15254.77,ZCTA5 21863,B01003_001,4578,626,169.94320664045435
21864,59,2239.66,ZCTA5 21864,B01003_001,643,231,91.75738724727839
21865,284,5664.640000000003,ZCTA5 21865,B01003_001,433,237,655.8891454965358
21867,3,104,ZCTA5 21867,B01003_001,23,27,130.43478260869566
21869,178,1823.8399999999983,ZCTA5 21869,B01003_001,1155,224,154.1125541125541
21871,135,2733.2100000000005,ZCTA5 21871,B01003_001,2031,429,66.46971935007386
21872,51,683.82,ZCTA5 21872,B01003_001,585,345,87.17948717948717
21873,1,30,NA,NA,NA,NA,NA
21874,139,1668.7499999999998,ZCTA5 21874,B01003_001,1917,418,72.50912884715702
21875,853,14828.73,ZCTA5 21875,B01003_001,7084,872,120.41219649915303
21876,1,20,NA,NA,NA,NA,NA
21877,4,41,NA,NA,NA,NA,NA
21893,2,55,NA,NA,NA,NA,NA
21894,4,96,NA,NA,NA,NA,NA
21898,5,85,NA,NA,NA,NA,NA
2190,8,536.65,ZCTA5 02190,B01003_001,17466,1048,0.4580327493415779
21901,2086,51409.42999999997,ZCTA5 21901,B01003_001,17694,1407,117.89307109754719
21902,44,410,ZCTA5 21902,B01003_001,262,166,167.93893129770993
21903,1147,15152.06,ZCTA5 21903,B01003_001,5794,494,197.96341042457715
21904,1461,27753.210000000003,ZCTA5 21904,B01003_001,6484,596,225.32387415175816
21905,4,139,NA,NA,NA,NA,NA
21908,1,10,NA,NA,NA,NA,NA
21911,1120,18688.95999999996,ZCTA5 21911,B01003_001,11103,834,100.87363775556156
21912,119,4150.6,ZCTA5 21912,B01003_001,1520,451,78.28947368421052
21913,93,2956.27,ZCTA5 21913,B01003_001,901,263,103.21864594894562
21914,114,2967.6400000000003,ZCTA5 21914,B01003_001,804,258,141.7910447761194
21915,792,16423.720000000012,ZCTA5 21915,B01003_001,2739,510,289.1566265060241
21916,23,382,ZCTA5 21916,B01003_001,47,67,489.36170212765956
21917,167,6169.52,ZCTA5 21917,B01003_001,2017,532,82.796232027764
21918,604,11263.31,ZCTA5 21918,B01003_001,4321,488,139.7824577644064
21919,995,19727.17,ZCTA5 21919,B01003_001,2905,540,342.512908777969
21920,16,331,ZCTA5 21920,B01003_001,953,614,16.7890870933893
21921,6975,152703.25000000015,ZCTA5 21921,B01003_001,45225,1521,154.22885572139302
21922,46,5898,NA,NA,NA,NA,NA
21925,1,100,NA,NA,NA,NA,NA
21928,2,50,NA,NA,NA,NA,NA
21929,1,100,NA,NA,NA,NA,NA
21930,55,2363,ZCTA5 21930,B01003_001,120,156,458.3333333333333
21937,1,50,NA,NA,NA,NA,NA
21942,25,561.24,NA,NA,NA,NA,NA
21943,5,160,NA,NA,NA,NA,NA
21944,16,374,NA,NA,NA,NA,NA
21945,1,35,NA,NA,NA,NA,NA
21946,1,50,NA,NA,NA,NA,NA
21947,3,105,NA,NA,NA,NA,NA
21950,2,110,NA,NA,NA,NA,NA
21953,2,12,NA,NA,NA,NA,NA
21965,21,280,NA,NA,NA,NA,NA
21975,5,163,NA,NA,NA,NA,NA
21991,2,12,NA,NA,NA,NA,NA
21993,19,221,NA,NA,NA,NA,NA
22001,2,11,NA,NA,NA,NA,NA
22014,2,55,NA,NA,NA,NA,NA
22017,1,10,NA,NA,NA,NA,NA
22027,2,250,ZCTA5 22027,B01003_001,2427,529,0.8240626287597858
22042,41,200,ZCTA5 22042,B01003_001,36744,2768,1.1158284345743523
22043,10,140,ZCTA5 22043,B01003_001,25012,1544,0.39980809211578444
22044,23,467,ZCTA5 22044,B01003_001,14078,1477,1.6337547947151583
22045,14,183,NA,NA,NA,NA,NA
22046,5,440,ZCTA5 22046,B01003_001,18639,708,0.26825473469606737
22047,161,7081,NA,NA,NA,NA,NA
22050,1,25,NA,NA,NA,NA,NA
22057,16,250.72000000000003,NA,NA,NA,NA,NA
22061,2,28,NA,NA,NA,NA,NA
22066,1,100,ZCTA5 22066,B01003_001,17393,1036,0.05749439429655609
22075,3,63,NA,NA,NA,NA,NA
22076,2,55,NA,NA,NA,NA,NA
22078,20,660,NA,NA,NA,NA,NA
22085,1,13.43,NA,NA,NA,NA,NA
2209,1,20,NA,NA,NA,NA,NA
22093,6,266,NA,NA,NA,NA,NA
22104,2,220,NA,NA,NA,NA,NA
22113,1,3,NA,NA,NA,NA,NA
22114,13,13,NA,NA,NA,NA,NA
22117,1,10,NA,NA,NA,NA,NA
22122,21,920,NA,NA,NA,NA,NA
22124,2,13,ZCTA5 22124,B01003_001,18377,1040,0.10883169178864885
22133,22,177.86,NA,NA,NA,NA,NA
22146,5,150,NA,NA,NA,NA,NA
22150,1,10,ZCTA5 22150,B01003_001,29585,1669,0.03380091262464086
22157,1,25,NA,NA,NA,NA,NA
22192,1,10,ZCTA5 22192,B01003_001,59670,2035,0.016758840288252055
22204,1,47,ZCTA5 22204,B01003_001,53855,1730,0.01856837805217714
22205,2,29,ZCTA5 22205,B01003_001,18570,1084,0.10770059235325795
22207,2,88.25999999999999,ZCTA5 22207,B01003_001,34113,1358,0.058628675285081935
22208,4,125,NA,NA,NA,NA,NA
22209,17,303.0399999999999,ZCTA5 22209,B01003_001,13172,916,1.2906164591557852
22213,3,12,ZCTA5 22213,B01003_001,4168,727,0.7197696737044146
22216,3,60,NA,NA,NA,NA,NA
22218,1,50,NA,NA,NA,NA,NA
22220,3,35,NA,NA,NA,NA,NA
22228,4,69,NA,NA,NA,NA,NA
22234,3,40,NA,NA,NA,NA,NA
22237,1,5,NA,NA,NA,NA,NA
22244,2,150,NA,NA,NA,NA,NA
22286,1,25,NA,NA,NA,NA,NA
22303,5,236.17,ZCTA5 22303,B01003_001,14688,1053,0.3404139433551198
22304,3,60,ZCTA5 22304,B01003_001,49262,1582,0.060898867281068574
22306,7,150.72,ZCTA5 22306,B01003_001,34391,2361,0.2035416242621616
22307,2,3000,ZCTA5 22307,B01003_001,10286,820,0.19443904335990667
22310,9,95,ZCTA5 22310,B01003_001,32329,1763,0.27838782517244576
22311,3,505,ZCTA5 22311,B01003_001,18890,1170,0.15881418740074113
22314,3,62,ZCTA5 22314,B01003_001,35208,1389,0.08520790729379686
22315,3,17,ZCTA5 22315,B01003_001,29634,1395,0.10123506782749545
22324,1,500,NA,NA,NA,NA,NA
22401,20,409,ZCTA5 22401,B01003_001,29059,NA,0.6882549296259334
22402,15,455,NA,NA,NA,NA,NA
22403,18,638,NA,NA,NA,NA,NA
22407,2,7,ZCTA5 22407,B01003_001,59551,2142,0.033584658527984416
22502,18,571,NA,NA,NA,NA,NA
22550,5,20,NA,NA,NA,NA,NA
22551,2,55,ZCTA5 22551,B01003_001,20218,1580,0.09892175289346128
22554,2,29,ZCTA5 22554,B01003_001,57488,2249,0.034789869190091846
22601,14,226,ZCTA5 22601,B01003_001,29192,578,0.4795834475198684
22602,2,29.64,ZCTA5 22602,B01003_001,30665,1436,0.06522093592043046
22613,5,155,NA,NA,NA,NA,NA
22617,21,179,NA,NA,NA,NA,NA
22651,1,3,NA,NA,NA,NA,NA
22654,2,1000,ZCTA5 22654,B01003_001,833,324,2.4009603841536613
22658,13,130,NA,NA,NA,NA,NA
22661,2,12,NA,NA,NA,NA,NA
22663,5,35,ZCTA5 22663,B01003_001,690,196,7.246376811594203
22701,1,10,ZCTA5 22701,B01003_001,34793,1210,0.028741413502716064
22702,7,435,NA,NA,NA,NA,NA
22703,16,194,NA,NA,NA,NA,NA
22704,6,118,NA,NA,NA,NA,NA
22714,1,250,ZCTA5 22714,B01003_001,1027,329,0.9737098344693281
22738,8,193,ZCTA5 22738,B01003_001,1394,453,5.738880918220947
22740,1,48.26,ZCTA5 22740,B01003_001,922,280,1.0845986984815619
22745,1,15,NA,NA,NA,NA,NA
22750,1,250,NA,NA,NA,NA,NA
22769,9,163.5,NA,NA,NA,NA,NA
22770,1,20,NA,NA,NA,NA,NA
22771,82,1133.18,NA,NA,NA,NA,NA
22774,2,75,NA,NA,NA,NA,NA
22787,3,175,NA,NA,NA,NA,NA
22791,4,60,NA,NA,NA,NA,NA
22793,3,50,NA,NA,NA,NA,NA
22801,5,275,ZCTA5 22801,B01003_001,40284,1420,0.12411875682653162
22804,8,160,NA,NA,NA,NA,NA
22807,2,1100,ZCTA5 22807,B01003_001,3345,396,0.5979073243647235
22811,10,500,ZCTA5 22811,B01003_001,512,201,19.53125
22815,1,15,ZCTA5 22815,B01003_001,8915,606,0.11217049915872125
22817,7,17200,NA,NA,NA,NA,NA
22842,1,20,ZCTA5 22842,B01003_001,5572,569,0.17946877243359657
22875,1,50,NA,NA,NA,NA,NA
22910,33,12299,NA,NA,NA,NA,NA
22913,13,457,NA,NA,NA,NA,NA
22915,6,330,NA,NA,NA,NA,NA
